sex,model,age,year,logm_fc,logm_act
m,lc,65,2015,-3.81080255990922,-3.75373422078718
m,lc,65,2016,-3.82687887257375,-3.72074810094307
m,lc,65,2017,-3.84295518523829,-3.73482675333053
m,lc,65,2018,-3.85903149790282,-3.83140908550717
m,lc,65,2019,-3.87510781056736,-3.72305972281296
m,lc,75,2015,-2.91271203335423,-2.83515457823152
m,lc,75,2016,-2.93957157170261,-2.85579174380449
m,lc,75,2017,-2.96643111005099,-2.84843433806657
m,lc,75,2018,-2.99329064839936,-2.95755449461657
m,lc,75,2019,-3.02015018674774,-2.89482769611297
m,lc,85,2015,-1.80346084772703,-1.82338265765857
m,lc,85,2016,-1.81732798031664,-1.76945371171376
m,lc,85,2017,-1.83119511290625,-1.77938307362701
m,lc,85,2018,-1.84506224549586,-1.7928376364484
m,lc,85,2019,-1.85892937808546,-1.84115222455763
m,cbd,65,2015,-3.80307661994324,-3.75373422078718
m,cbd,65,2016,-3.82031215612787,-3.72074810094307
m,cbd,65,2017,-3.83755098506571,-3.73482675333053
m,cbd,65,2018,-3.85479305109309,-3.83140908550717
m,cbd,65,2019,-3.87203829946676,-3.72305972281296
m,cbd,75,2015,-2.82150706261327,-2.83515457823152
m,cbd,75,2016,-2.83892509924883,-2.85579174380449
m,cbd,75,2017,-2.85635228055069,-2.84843433806657
m,cbd,75,2018,-2.87378845321153,-2.95755449461657
m,cbd,75,2019,-2.89123346633516,-2.89482769611297
m,cbd,85,2015,-1.87085329719121,-1.82338265765857
m,cbd,85,2016,-1.88791026027203,-1.76945371171376
m,cbd,85,2017,-1.9049910831215,-1.77938307362701
m,cbd,85,2018,-1.92209539419143,-1.7928376364484
m,cbd,85,2019,-1.93922282663319,-1.84115222455763
m,apc,65,2015,-3.80084766935153,-3.75373422078718
m,apc,65,2016,-3.80945762025583,-3.72074810094307
m,apc,65,2017,-3.85212895348377,-3.73482675333053
m,apc,65,2018,-3.82356115517609,-3.83140908550717
m,apc,65,2019,-3.86717161622549,-3.72305972281296
m,apc,75,2015,-2.82659366650382,-2.83515457823152
m,apc,75,2016,-2.9039756837471,-2.85579174380449
m,apc,75,2017,-2.91978963699916,-2.84843433806657
m,apc,75,2018,-2.94906670195124,-2.95755449461657
m,apc,75,2019,-2.93010058895748,-2.89482769611297
m,apc,85,2015,-1.80872319371808,-1.82338265765857
m,apc,85,2016,-1.80829831852573,-1.76945371171376
m,apc,85,2017,-1.83460988660724,-1.77938307362701
m,apc,85,2018,-1.89207320273923,-1.7928376364484
m,apc,85,2019,-1.87915352155401,-1.84115222455763
m,rh,65,2015,-3.78229885989657,-3.75373422078718
m,rh,65,2016,-3.78756419070311,-3.72074810094307
m,rh,65,2017,-3.83545213275846,-3.73482675333053
m,rh,65,2018,-3.81133303591349,-3.83140908550717
m,rh,65,2019,-3.83517311802033,-3.72305972281296
m,rh,75,2015,-2.90233998040127,-2.83515457823152
m,rh,75,2016,-3.00532471989672,-2.85579174380449
m,rh,75,2017,-3.0432712709402,-2.84843433806657
m,rh,75,2018,-3.10462823940438,-2.95755449461657
m,rh,75,2019,-3.12701842148528,-2.89482769611297
m,rh,85,2015,-1.81222769663916,-1.82338265765857
m,rh,85,2016,-1.819290057588,-1.76945371171376
m,rh,85,2017,-1.85905049775918,-1.77938307362701
m,rh,85,2018,-1.92880202518899,-1.7928376364484
m,rh,85,2019,-1.92741641159014,-1.84115222455763
f,lc,65,2015,-4.24352134824983,-4.38032450660335
f,lc,65,2016,-4.24959193498837,-4.18309054502394
f,lc,65,2017,-4.25566252172691,-4.48660677072677
f,lc,65,2018,-4.26173310846545,-4.35076169029924
f,lc,65,2019,-4.26780369520399,-4.32071522404169
f,lc,75,2015,-3.11907371173952,-3.1356391329644
f,lc,75,2016,-3.13623994627579,-3.15862439729502
f,lc,75,2017,-3.15340618081207,-3.03512467526465
f,lc,75,2018,-3.17057241534835,-3.24510134796293
f,lc,75,2019,-3.18773864988463,-3.13520718952075
f,lc,85,2015,-1.85227272160089,-1.83236044485029
f,lc,85,2016,-1.86529744618284,-1.8736971137777
f,lc,85,2017,-1.8783221707648,-1.89267800090246
f,lc,85,2018,-1.89134689534676,-1.9204215128384
f,lc,85,2019,-1.90437161992871,-1.88978180543045
f,cbd,65,2015,-4.361884349913,-4.38032450660335
f,cbd,65,2016,-4.38497202364801,-4.18309054502394
f,cbd,65,2017,-4.40806304055105,-4.48660677072677
f,cbd,65,2018,-4.43115732477718,-4.35076169029924
f,cbd,65,2019,-4.45425480218122,-4.32071522404169
f,cbd,75,2015,-3.08726967577749,-3.1356391329644
f,cbd,75,2016,-3.1042037762291,-3.15862439729502
f,cbd,75,2017,-3.12114445912277,-3.03512467526465
f,cbd,75,2018,-3.13809161638144,-3.24510134796293
f,cbd,75,2019,-3.15504514162009,-3.13520718952075
f,cbd,85,2015,-1.85440404312463,-1.83236044485029
f,cbd,85,2016,-1.86493293945758,-1.8736971137777
f,cbd,85,2017,-1.87547115127289,-1.89267800090246
f,cbd,85,2018,-1.88601858903052,-1.9204215128384
f,cbd,85,2019,-1.89657516388247,-1.88978180543045
f,apc,65,2015,-4.31103481711062,-4.38032450660335
f,apc,65,2016,-4.36417149542081,-4.18309054502394
f,apc,65,2017,-4.37943805738864,-4.48660677072677
f,apc,65,2018,-4.36148099637181,-4.35076169029924
f,apc,65,2019,-4.45108798966327,-4.32071522404169
f,apc,75,2015,-3.09495610485406,-3.1356391329644
f,apc,75,2016,-3.18002514762538,-3.15862439729502
f,apc,75,2017,-3.18510719136458,-3.03512467526465
f,apc,75,2018,-3.25768782940841,-3.24510134796293
f,apc,75,2019,-3.20268607673585,-3.13520718952075
f,apc,85,2015,-1.84778008352095,-1.83236044485029
f,apc,85,2016,-1.87304454217825,-1.8736971137777
f,apc,85,2017,-1.88897149398934,-1.89267800090246
f,apc,85,2018,-1.89598261049618,-1.9204215128384
f,apc,85,2019,-1.90311801485305,-1.88978180543045
f,rh,65,2015,-4.20162959638243,-4.38032450660335
f,rh,65,2016,-4.25152186990686,-4.18309054502394
f,rh,65,2017,-4.27677886675169,-4.48660677072677
f,rh,65,2018,-4.26890041145752,-4.35076169029924
f,rh,65,2019,-4.34823006476837,-4.32071522404169
f,rh,75,2015,-3.09374966738622,-3.1356391329644
f,rh,75,2016,-3.1890429941362,-3.15862439729502
f,rh,75,2017,-3.19446079247397,-3.03512467526465
f,rh,75,2018,-3.2703367644637,-3.24510134796293
f,rh,75,2019,-3.22221974219138,-3.13520718952075
f,rh,85,2015,-1.88214414920946,-1.83236044485029
f,rh,85,2016,-1.91029680632115,-1.8736971137777
f,rh,85,2017,-1.92505794886821,-1.89267800090246
f,rh,85,2018,-1.93494778136977,-1.9204215128384
f,rh,85,2019,-1.94411045510074,-1.88978180543045
