sex,variant,model,year,e65,jumpoff
m,A,lc,2024,15.8697676120325,2019
m,A,lc,2025,15.9952893248569,2019
m,A,lc,2026,16.121038276649,2019
m,A,lc,2027,16.2470069742786,2019
m,A,lc,2028,16.3731880701169,2019
m,A,lc,2029,16.4995926975729,2019
m,A,lc,2030,16.6262101410016,2019
m,A,lc,2031,16.7530194318518,2019
m,A,lc,2032,16.8800137859926,2019
m,A,lc,2033,17.0071865612693,2019
m,A,lc,2034,17.1345312564033,2019
m,A,lc,2035,17.2620928688957,2019
m,A,lc,2036,17.3898390394469,2019
m,A,lc,2037,17.5177397850517,2019
m,A,lc,2038,17.6457891318296,2019
m,A,lc,2039,17.773981238256,2019
m,A,lc,2040,17.9023103932944,2019
m,A,lc,2041,18.030771014412,2019
m,A,lc,2042,18.159357645484,2019
m,A,lc,2043,18.2880649545905,2019
m,A,lc,2044,18.4169483999296,2019
m,A,lc,2045,18.5459773692152,2019
m,A,lc,2046,18.675114175404,2019
m,A,lc,2047,18.8043539567959,2019
m,A,lc,2048,18.9336919625247,2019
m,A,lc,2049,19.0631235497807,2019
m,A,lc,2050,19.1926441809525,2019
m,A,lc,2051,19.3222494206898,2019
m,A,lc,2052,19.4519349328929,2019
m,A,lc,2053,19.5816964776284,2019
m,A,lc,2054,19.7115299079758,2019
m,A,lc,2055,19.841431166807,2019
m,A,lc,2056,19.9713962835006,2019
m,A,lc,2057,20.1014213705936,2019
m,A,lc,2058,20.2315026203735,2019
m,A,lc,2059,20.3616363014113,2019
m,A,lc,2060,20.49181875504,2019
m,A,lc,2061,20.622046391779,2019
m,A,lc,2062,20.7523215213199,2019
m,A,lc,2063,20.8826378681096,2019
m,A,lc,2064,21.0131112078508,2019
m,A,lc,2065,21.1437161710711,2019
m,A,lc,2066,21.2744104577261,2019
m,A,lc,2067,21.4051407871827,2019
m,A,lc,2068,21.5358934357258,2019
m,A,lc,2069,21.6666651643874,2019
m,A,lc,2070,21.7974527691646,2019
m,A,lc,2071,21.9282530771022,2019
m,A,lc,2072,22.0590629423483,2019
m,A,lc,2073,22.1898889945034,2019
m,A,lc,2074,22.3207195120093,2019
m,A,lc,2075,22.4515500925142,2019
m,A,lc,2076,22.5823776610196,2019
m,A,lc,2077,22.7131991495732,2019
m,A,lc,2078,22.8440114932452,2019
m,A,lc,2079,22.9748116261083,2019
m,A,lc,2080,23.1055964772226,2019
m,A,cbd,2024,15.7081446776004,2019
m,A,cbd,2025,15.8287491914273,2019
m,A,cbd,2026,15.9498583615784,2019
m,A,cbd,2027,16.0714705951868,2019
m,A,cbd,2028,16.1935842754958,2019
m,A,cbd,2029,16.316197761437,2019
m,A,cbd,2030,16.4393093871443,2019
m,A,cbd,2031,16.5629174613986,2019
m,A,cbd,2032,16.687020266997,2019
m,A,cbd,2033,16.8116160600415,2019
m,A,cbd,2034,16.9367030691404,2019
m,A,cbd,2035,17.0622794945172,2019
m,A,cbd,2036,17.1883435070189,2019
m,A,cbd,2037,17.3148932470188,2019
m,A,cbd,2038,17.4419268232063,2019
m,A,cbd,2039,17.5694423112562,2019
m,A,cbd,2040,17.6974377523727,2019
m,A,cbd,2041,17.8259111516976,2019
m,A,cbd,2042,17.95486047658,2019
m,A,cbd,2043,18.0842836546967,2019
m,A,cbd,2044,18.2141785720188,2019
m,A,cbd,2045,18.3445430706167,2019
m,A,cbd,2046,18.4753749462975,2019
m,A,cbd,2047,18.6066719460676,2019
m,A,cbd,2048,18.7384317654152,2019
m,A,cbd,2049,18.8706520454071,2019
m,A,cbd,2050,19.0033303695929,2019
m,A,cbd,2051,19.1364642607143,2019
m,A,cbd,2052,19.2700511772126,2019
m,A,cbd,2053,19.4040885095321,2019
m,A,cbd,2054,19.5385735762168,2019
m,A,cbd,2055,19.6735036197958,2019
m,A,cbd,2056,19.8088758024587,2019
m,A,cbd,2057,19.9446872015186,2019
m,A,cbd,2058,20.0809348046625,2019
m,A,cbd,2059,20.2176155049925,2019
m,A,cbd,2060,20.3547260958581,2019
m,A,cbd,2061,20.4922632654835,2019
m,A,cbd,2062,20.6302235913953,2019
m,A,cbd,2063,20.7686035346553,2019
m,A,cbd,2064,20.9073994339058,2019
m,A,cbd,2065,21.0466074992366,2019
m,A,cbd,2066,21.1862238058812,2019
m,A,cbd,2067,21.3262442877559,2019
m,A,cbd,2068,21.4666647308517,2019
m,A,cbd,2069,21.6074807664941,2019
m,A,cbd,2070,21.748687864485,2019
m,A,cbd,2071,21.8902813261442,2019
m,A,cbd,2072,22.0322562772664,2019
m,A,cbd,2073,22.1746076610142,2019
m,A,cbd,2074,22.317330230767,2019
m,A,cbd,2075,22.4604185429461,2019
m,A,cbd,2076,22.6038669498403,2019
m,A,cbd,2077,22.7476695924543,2019
m,A,cbd,2078,22.8918203934043,2019
m,A,cbd,2079,23.036313049888,2019
m,A,cbd,2080,23.1811410267535,2019
m,B,lc,2024,15.5467470086462,2023
m,B,lc,2025,15.6572814540178,2023
m,B,lc,2026,15.7681294525491,2023
m,B,lc,2027,15.87928564204,2023
m,B,lc,2028,15.9907446948771,2023
m,B,lc,2029,16.1025013189428,2023
m,B,lc,2030,16.2145502584565,2023
m,B,lc,2031,16.3268862947489,2023
m,B,lc,2032,16.4395042469697,2023
m,B,lc,2033,16.5523989727313,2023
m,B,lc,2034,16.6655653686873,2023
m,B,lc,2035,16.7789983710477,2023
m,B,lc,2036,16.8926929560318,2023
m,B,lc,2037,17.006644140258,2023
m,B,lc,2038,17.1208469810732,2023
m,B,lc,2039,17.2352965768205,2023
m,B,lc,2040,17.3499880670463,2023
m,B,lc,2041,17.4649166326477,2023
m,B,lc,2042,17.5800774959603,2023
m,B,lc,2043,17.6954663614816,2023
m,B,lc,2044,17.8111718479363,2023
m,B,lc,2045,17.9270980165117,2023
m,B,lc,2046,18.0432402599091,2023
m,B,lc,2047,18.1595992138913,2023
m,B,lc,2048,18.2761747143564,2023
m,B,lc,2049,18.3929658454328,2023
m,B,lc,2050,18.5100077339458,2023
m,B,lc,2051,18.6272486097793,2023
m,B,lc,2052,18.7446794466981,2023
m,B,lc,2053,18.8622958988297,2023
m,B,lc,2054,18.9800936565588,2023
m,B,lc,2055,19.0980684458718,2023
m,B,lc,2056,19.2162160276454,2023
m,B,lc,2057,19.3345321968805,2023
m,B,lc,2058,19.4530695318796,2023
m,B,lc,2059,19.5718570957246,2023
m,B,lc,2060,19.6908022508071,2023
m,B,lc,2061,19.8099008762973,2023
m,B,lc,2062,19.9291488811725,2023
m,B,lc,2063,20.0485422031229,2023
m,B,lc,2064,20.1680768074036,2023
m,B,lc,2065,20.2877589499465,2023
m,B,lc,2066,20.4075749275185,2023
m,B,lc,2067,20.5275202248502,2023
m,B,lc,2068,20.6475909047321,2023
m,B,lc,2069,20.7677830509358,2023
m,B,lc,2070,20.8880927667652,2023
m,B,lc,2071,21.0085161735598,2023
m,B,lc,2072,21.1290494091541,2023
m,B,lc,2073,21.2496886262918,2023
m,B,lc,2074,21.3704299909991,2023
m,B,lc,2075,21.4912696809159,2023
m,B,lc,2076,21.6122038835896,2023
m,B,lc,2077,21.7332287947314,2023
m,B,lc,2078,21.8543406164381,2023
m,B,lc,2079,21.9755355553815,2023
m,B,lc,2080,22.0968098209678,2023
m,B,cbd,2024,15.4702626873271,2023
m,B,cbd,2025,15.5818920753389,2023
m,B,cbd,2026,15.6942939643972,2023
m,B,cbd,2027,15.8074742167814,2023
m,B,cbd,2028,15.9214387349912,2023
m,B,cbd,2029,16.0361934593529,2023
m,B,cbd,2030,16.1517443652417,2023
m,B,cbd,2031,16.2680974598845,2023
m,B,cbd,2032,16.3852587787015,2023
m,B,cbd,2033,16.5032343811465,2023
m,B,cbd,2034,16.6220303460039,2023
m,B,cbd,2035,16.741652766096,2023
m,B,cbd,2036,16.8621077423562,2023
m,B,cbd,2037,16.983401377221,2023
m,B,cbd,2038,17.1055397672926,2023
m,B,cbd,2039,17.2285289952256,2023
m,B,cbd,2040,17.3523751207881,2023
m,B,cbd,2041,17.4770841710514,2023
m,B,cbd,2042,17.6026621296612,2023
m,B,cbd,2043,17.7291149251454,2023
m,B,cbd,2044,17.8564484182168,2023
m,B,cbd,2045,17.9846683880295,2023
m,B,cbd,2046,18.1137805173532,2023
m,B,cbd,2047,18.2437903766334,2023
m,B,cbd,2048,18.3747034069091,2023
m,B,cbd,2049,18.5065249015666,2023
m,B,cbd,2050,18.6392599869123,2023
m,B,cbd,2051,18.7729136015571,2023
m,B,cbd,2052,18.9074904746097,2023
m,B,cbd,2053,19.0429951026858,2023
m,B,cbd,2054,19.1794317257484,2023
m,B,cbd,2055,19.316804301805,2023
m,B,cbd,2056,19.4551164804955,2023
m,B,cbd,2057,19.5943715756158,2023
m,B,cbd,2058,19.7345725366332,2023
m,B,cbd,2059,19.87572191926,2023
m,B,cbd,2060,20.0178218551622,2023
m,B,cbd,2061,20.1608740208919,2023
m,B,cbd,2062,20.3048796061432,2023
m,B,cbd,2063,20.4498392814411,2023
m,B,cbd,2064,20.5957531653842,2023
m,B,cbd,2065,20.7426207915713,2023
m,B,cbd,2066,20.890441075352,2023
m,B,cbd,2067,21.0366225042007,2023
m,B,cbd,2068,21.1804716606762,2023
m,B,cbd,2069,21.324944759096,2023
m,B,cbd,2070,21.4700327163436,2023
m,B,cbd,2071,21.6157260811532,2023
m,B,cbd,2072,21.7620150299546,2023
m,B,cbd,2073,21.9088893630525,2023
m,B,cbd,2074,22.0563385011687,2023
m,B,cbd,2075,22.2043514823732,2023
m,B,cbd,2076,22.3529169594311,2023
m,B,cbd,2077,22.5020231975915,2023
m,B,cbd,2078,22.6516580728427,2023
m,B,cbd,2079,22.801809070659,2023
m,B,cbd,2080,22.9524632852601,2023
m,C,lc,2024,15.4605812440492,2023
m,C,lc,2025,15.5621709984623,2023
m,C,lc,2026,15.6638237266585,2023
m,C,lc,2027,15.7655337370811,2023
m,C,lc,2028,15.8672953908687,2023
m,C,lc,2029,15.9691031026414,2023
m,C,lc,2030,16.0709513412341,2023
m,C,lc,2031,16.1728346303812,2023
m,C,lc,2032,16.2747475493529,2023
m,C,lc,2033,16.3766847335443,2023
m,C,lc,2034,16.4786408750186,2023
m,C,lc,2035,16.580610723006,2023
m,C,lc,2036,16.6825890843598,2023
m,C,lc,2037,16.7845708239705,2023
m,C,lc,2038,16.886550865139,2023
m,C,lc,2039,16.9885241899107,2023
m,C,lc,2040,17.0904858393718,2023
m,C,lc,2041,17.1924309139087,2023
m,C,lc,2042,17.2943545734312,2023
m,C,lc,2043,17.3962520375617,2023
m,C,lc,2044,17.4981185857913,2023
m,C,lc,2045,17.5999495576033,2023
m,C,lc,2046,17.7017403525656,2023
m,C,lc,2047,17.8034864303939,2023
m,C,lc,2048,17.9051833109849,2023
m,C,lc,2049,18.0068265744228,2023
m,C,lc,2050,18.108411860958,2023
m,C,lc,2051,18.209934870961,2023
m,C,lc,2052,18.3113913648504,2023
m,C,lc,2053,18.4127771629979,2023
m,C,lc,2054,18.5140881456101,2023
m,C,lc,2055,18.615320252588,2023
m,C,lc,2056,18.7164752298513,2023
m,C,lc,2057,18.8175483998426,2023
m,C,lc,2058,18.9185308702071,2023
m,C,lc,2059,19.019421121419,2023
m,C,lc,2060,19.1202284007188,2023
m,C,lc,2061,19.2209337100065,2023
m,C,lc,2062,19.3215333960473,2023
m,C,lc,2063,19.4220238633956,2023
m,C,lc,2064,19.5224015741016,2023
m,C,lc,2065,19.6226630474043,2023
m,C,lc,2066,19.7228155586084,2023
m,C,lc,2067,19.8228531080159,2023
m,C,lc,2068,19.9227641379598,2023
m,C,lc,2069,20.0225638741526,2023
m,C,lc,2070,20.1222375260044,2023
m,C,lc,2071,20.221775238514,2023
m,C,lc,2072,20.3211739133487,2023
m,C,lc,2073,20.4204305064679,2023
m,C,lc,2074,20.5195420277212,2023
m,C,lc,2075,20.6185055404373,2023
m,C,lc,2076,20.7173181610041,2023
m,C,lc,2077,20.8159770584406,2023
m,C,lc,2078,20.9144794539615,2023
m,C,lc,2079,21.0128226205343,2023
m,C,lc,2080,21.1110140423908,2023
m,C,cbd,2024,15.4702626873271,2023
m,C,cbd,2025,15.5818920753389,2023
m,C,cbd,2026,15.6942939643972,2023
m,C,cbd,2027,15.8074742167814,2023
m,C,cbd,2028,15.9214387349913,2023
m,C,cbd,2029,16.0361934593529,2023
m,C,cbd,2030,16.1517443652417,2023
m,C,cbd,2031,16.2680974598846,2023
m,C,cbd,2032,16.3852587787015,2023
m,C,cbd,2033,16.5032343811465,2023
m,C,cbd,2034,16.622030346004,2023
m,C,cbd,2035,16.7416527660961,2023
m,C,cbd,2036,16.8621077423562,2023
m,C,cbd,2037,16.983401377221,2023
m,C,cbd,2038,17.1055397672926,2023
m,C,cbd,2039,17.2285289952256,2023
m,C,cbd,2040,17.3523751207881,2023
m,C,cbd,2041,17.4770841710515,2023
m,C,cbd,2042,17.6026621296612,2023
m,C,cbd,2043,17.7291149251454,2023
m,C,cbd,2044,17.8564484182169,2023
m,C,cbd,2045,17.9846683880295,2023
m,C,cbd,2046,18.1137805173532,2023
m,C,cbd,2047,18.2437903766334,2023
m,C,cbd,2048,18.3747034069092,2023
m,C,cbd,2049,18.5065249015666,2023
m,C,cbd,2050,18.6392599869123,2023
m,C,cbd,2051,18.7729136015571,2023
m,C,cbd,2052,18.9074904746097,2023
m,C,cbd,2053,19.0429951026858,2023
m,C,cbd,2054,19.1794317257484,2023
m,C,cbd,2055,19.316804301805,2023
m,C,cbd,2056,19.4551164804955,2023
m,C,cbd,2057,19.5943715756158,2023
m,C,cbd,2058,19.7345725366332,2023
m,C,cbd,2059,19.87572191926,2023
m,C,cbd,2060,20.0178218551622,2023
m,C,cbd,2061,20.160874020892,2023
m,C,cbd,2062,20.3048796061433,2023
m,C,cbd,2063,20.4498392814412,2023
m,C,cbd,2064,20.5957531653842,2023
m,C,cbd,2065,20.7426207915714,2023
m,C,cbd,2066,20.890441075352,2023
m,C,cbd,2067,21.0366225042007,2023
m,C,cbd,2068,21.1804716606762,2023
m,C,cbd,2069,21.3249447590961,2023
m,C,cbd,2070,21.4700327163436,2023
m,C,cbd,2071,21.6157260811532,2023
m,C,cbd,2072,21.7620150299546,2023
m,C,cbd,2073,21.9088893630525,2023
m,C,cbd,2074,22.0563385011687,2023
m,C,cbd,2075,22.2043514823732,2023
m,C,cbd,2076,22.3529169594311,2023
m,C,cbd,2077,22.5020231975915,2023
m,C,cbd,2078,22.6516580728428,2023
m,C,cbd,2079,22.801809070659,2023
m,C,cbd,2080,22.9524632852602,2023
f,A,lc,2024,17.4632469029385,2019
f,A,lc,2025,17.5737622158073,2019
f,A,lc,2026,17.6839070688021,2019
f,A,lc,2027,17.7936761533823,2019
f,A,lc,2028,17.9030643860593,2019
f,A,lc,2029,18.0120669038385,2019
f,A,lc,2030,18.12067905964,2019
f,A,lc,2031,18.2288964177081,2019
f,A,lc,2032,18.3367147490128,2019
f,A,lc,2033,18.4441300266551,2019
f,A,lc,2034,18.5511384212782,2019
f,A,lc,2035,18.6577362964935,2019
f,A,lc,2036,18.7639202043258,2019
f,A,lc,2037,18.8696868806832,2019
f,A,lc,2038,18.9750332408572,2019
f,A,lc,2039,19.079956375057,2019
f,A,lc,2040,19.1844561158988,2019
f,A,lc,2041,19.2885433820002,2019
f,A,lc,2042,19.3922000794482,2019
f,A,lc,2043,19.4954239312945,2019
f,A,lc,2044,19.5982128141031,2019
f,A,lc,2045,19.7005647537879,2019
f,A,lc,2046,19.8024779215065,2019
f,A,lc,2047,19.9039506296135,2019
f,A,lc,2048,20.0049813276738,2019
f,A,lc,2049,20.1055685985399,2019
f,A,lc,2050,20.2057111544926,2019
f,A,lc,2051,20.3054234247504,2019
f,A,lc,2052,20.4047212152704,2019
f,A,lc,2053,20.5035717621926,2019
f,A,lc,2054,20.6019742388331,2019
f,A,lc,2055,20.699927929671,2019
f,A,lc,2056,20.7974322269116,2019
f,A,lc,2057,20.8945048331986,2019
f,A,lc,2058,20.9911920188994,2019
f,A,lc,2059,21.0875322189572,2019
f,A,lc,2060,21.1834227754946,2019
f,A,lc,2061,21.2788634028067,2019
f,A,lc,2062,21.3738539074516,2019
f,A,lc,2063,21.4683941853614,2019
f,A,lc,2064,21.5624842190125,2019
f,A,lc,2065,21.6561240746576,2019
f,A,lc,2066,21.7493138996165,2019
f,A,lc,2067,21.8420539196285,2019
f,A,lc,2068,21.9343494631233,2019
f,A,lc,2069,22.0262477727374,2019
f,A,lc,2070,22.117697811024,2019
f,A,lc,2071,22.2087000777777,2019
f,A,lc,2072,22.2992551389444,2019
f,A,lc,2073,22.3893636243231,2019
f,A,lc,2074,22.4790262253243,2019
f,A,lc,2075,22.5682436927831,2019
f,A,lc,2076,22.6570168348281,2019
f,A,lc,2077,22.7453465148032,2019
f,A,lc,2078,22.8332336492432,2019
f,A,lc,2079,22.9206792059019,2019
f,A,lc,2080,23.0076842018313,2019
f,A,cbd,2024,17.2874977430195,2019
f,A,cbd,2025,17.3919931522276,2019
f,A,cbd,2026,17.4963664879966,2019
f,A,cbd,2027,17.6006134323496,2019
f,A,cbd,2028,17.7047297393324,2019
f,A,cbd,2029,17.8087112347783,2019
f,A,cbd,2030,17.9125538160514,2019
f,A,cbd,2031,18.0162534517686,2019
f,A,cbd,2032,18.1198061815012,2019
f,A,cbd,2033,18.2232081154571,2019
f,A,cbd,2034,18.3264554341435,2019
f,A,cbd,2035,18.4295443880117,2019
f,A,cbd,2036,18.5324712970853,2019
f,A,cbd,2037,18.63523255057,2019
f,A,cbd,2038,18.7378246064486,2019
f,A,cbd,2039,18.8402439910606,2019
f,A,cbd,2040,18.942487298666,2019
f,A,cbd,2041,19.0445511909964,2019
f,A,cbd,2042,19.1464323967916,2019
f,A,cbd,2043,19.248127711324,2019
f,A,cbd,2044,19.3496339959101,2019
f,A,cbd,2045,19.4509481774116,2019
f,A,cbd,2046,19.5520672477235,2019
f,A,cbd,2047,19.6529882632537,2019
f,A,cbd,2048,19.7537083443911,2019
f,A,cbd,2049,19.8542246749653,2019
f,A,cbd,2050,19.9545345016965,2019
f,A,cbd,2051,20.0546351336378,2019
f,A,cbd,2052,20.1545239416088,2019
f,A,cbd,2053,20.2541983576225,2019
f,A,cbd,2054,20.3536558743043,2019
f,A,cbd,2055,20.4528940443057,2019
f,A,cbd,2056,20.5519104797105,2019
f,A,cbd,2057,20.6507028514364,2019
f,A,cbd,2058,20.7492688886312,2019
f,A,cbd,2059,20.8476063780631,2019
f,A,cbd,2060,20.9457131635085,2019
f,A,cbd,2061,21.0435871451334,2019
f,A,cbd,2062,21.1412262788733,2019
f,A,cbd,2063,21.2386285758084,2019
f,A,cbd,2064,21.3357921015358,2019
f,A,cbd,2065,21.43271497554,2019
f,A,cbd,2066,21.5293953705602,2019
f,A,cbd,2067,21.6258315119559,2019
f,A,cbd,2068,21.7220216770708,2019
f,A,cbd,2069,21.8179641945953,2019
f,A,cbd,2070,21.9136574439279,2019
f,A,cbd,2071,22.009099854536,2019
f,A,cbd,2072,22.1042899053155,2019
f,A,cbd,2073,22.1992261239507,2019
f,A,cbd,2074,22.2939070862744,2019
f,A,cbd,2075,22.3883314156272,2019
f,A,cbd,2076,22.4824977822182,2019
f,A,cbd,2077,22.5764049024863,2019
f,A,cbd,2078,22.6700515384619,2019
f,A,cbd,2079,22.7634364971298,2019
f,A,cbd,2080,22.8565586297944,2019
f,B,lc,2024,17.613918609958,2023
f,B,lc,2025,17.7322804657862,2023
f,B,lc,2026,17.8503337558511,2023
f,B,lc,2027,17.9680701815291,2023
f,B,lc,2028,18.0854816913949,2023
f,B,lc,2029,18.202560478255,2023
f,B,lc,2030,18.3192989760801,2023
f,B,lc,2031,18.4356898568458,2023
f,B,lc,2032,18.5517260272926,2023
f,B,lc,2033,18.667400625612,2023
f,B,lc,2034,18.7827070180689,2023
f,B,lc,2035,18.8976387955669,2023
f,B,lc,2036,19.0121897701649,2023
f,B,lc,2037,19.1263539715528,2023
f,B,lc,2038,19.2401287263358,2023
f,B,lc,2039,19.3535242664152,2023
f,B,lc,2040,19.466517015651,2023
f,B,lc,2041,19.5791018089956,2023
f,B,lc,2042,19.6912736811895,2023
f,B,lc,2043,19.8030278631456,2023
f,B,lc,2044,19.9143597783312,2023
f,B,lc,2045,20.0252650391517,2023
f,B,lc,2046,20.1357394433404,2023
f,B,lc,2047,20.2457789703582,2023
f,B,lc,2048,20.3553797778064,2023
f,B,lc,2049,20.4645381978568,2023
f,B,lc,2050,20.5732552049118,2023
f,B,lc,2051,20.6815575100974,2023
f,B,lc,2052,20.7894645843566,2023
f,B,lc,2053,20.8969324546521,2023
f,B,lc,2054,21.0039426977697,2023
f,B,lc,2055,21.1104925160649,2023
f,B,lc,2056,21.2165792643004,2023
f,B,lc,2057,21.322200446367,2023
f,B,lc,2058,21.4273988608155,2023
f,B,lc,2059,21.5321846761082,2023
f,B,lc,2060,21.6364996245594,2023
f,B,lc,2061,21.740341674305,2023
f,B,lc,2062,21.8437089281822,2023
f,B,lc,2063,21.9465996207145,2023
f,B,lc,2064,22.0490121151298,2023
f,B,lc,2065,22.1509807462407,2023
f,B,lc,2066,22.2524710366228,2023
f,B,lc,2067,22.3534791073353,2023
f,B,lc,2068,22.4540037907106,2023
f,B,lc,2069,22.5540440337142,2023
f,B,lc,2070,22.6535988951867,2023
f,B,lc,2071,22.7526675431233,2023
f,B,lc,2072,22.8512492519933,2023
f,B,lc,2073,22.9493434000964,2023
f,B,lc,2074,23.0469494669601,2023
f,B,lc,2075,23.144067030775,2023
f,B,lc,2076,23.2406957658709,2023
f,B,lc,2077,23.3368354402313,2023
f,B,lc,2078,23.4324859130484,2023
f,B,lc,2079,23.5276471323176,2023
f,B,lc,2080,23.6223191324717,2023
f,B,cbd,2024,17.5301460235129,2023
f,B,cbd,2025,17.6484440700508,2023
f,B,cbd,2026,17.7668220902551,2023
f,B,cbd,2027,17.8852752477852,2023
f,B,cbd,2028,18.0037987449747,2023
f,B,cbd,2029,18.1223878231827,2023
f,B,cbd,2030,18.2410377631271,2023
f,B,cbd,2031,18.3597438852001,2023
f,B,cbd,2032,18.4785015497655,2023
f,B,cbd,2033,18.5973061574384,2023
f,B,cbd,2034,18.7161531493464,2023
f,B,cbd,2035,18.8350380073729,2023
f,B,cbd,2036,18.9539562543811,2023
f,B,cbd,2037,19.072903454421,2023
f,B,cbd,2038,19.1918752129158,2023
f,B,cbd,2039,19.3108671768312,2023
f,B,cbd,2040,19.4298750348243,2023
f,B,cbd,2041,19.548894517374,2023
f,B,cbd,2042,19.6679213968917,2023
f,B,cbd,2043,19.7869514878123,2023
f,B,cbd,2044,19.9059806466653,2023
f,B,cbd,2045,20.0250047721262,2023
f,B,cbd,2046,20.144019805047,2023
f,B,cbd,2047,20.2630217284664,2023
f,B,cbd,2048,20.3820065675999,2023
f,B,cbd,2049,20.5009703898074,2023
f,B,cbd,2050,20.6199093045411,2023
f,B,cbd,2051,20.738819463271,2023
f,B,cbd,2052,20.8576970593893,2023
f,B,cbd,2053,20.9765383280924,2023
f,B,cbd,2054,21.0953395462408,2023
f,B,cbd,2055,21.2140970321973,2023
f,B,cbd,2056,21.3328071456417,2023
f,B,cbd,2057,21.4514662873635,2023
f,B,cbd,2058,21.5700708990311,2023
f,B,cbd,2059,21.6886174629382,2023
f,B,cbd,2060,21.8071025017267,2023
f,B,cbd,2061,21.9255225780862,2023
f,B,cbd,2062,22.0438742944298,2023
f,B,cbd,2063,22.1621542925463,2023
f,B,cbd,2064,22.2803592532283,2023
f,B,cbd,2065,22.3984858958764,2023
f,B,cbd,2066,22.5165309780796,2023
f,B,cbd,2067,22.6344912951711,2023
f,B,cbd,2068,22.7523636797604,2023
f,B,cbd,2069,22.8701450012413,2023
f,B,cbd,2070,22.987832165275,2023
f,B,cbd,2071,23.1054221132506,2023
f,B,cbd,2072,23.2229118217196,2023
f,B,cbd,2073,23.3402983018086,2023
f,B,cbd,2074,23.4575785986064,2023
f,B,cbd,2075,23.5747497905286,2023
f,B,cbd,2076,23.6918089886586,2023
f,B,cbd,2077,23.8087533360649,2023
f,B,cbd,2078,23.9255800070962,2023
f,B,cbd,2079,24.0422862066535,2023
f,B,cbd,2080,24.1588691694397,2023
f,C,lc,2024,17.5635584982062,2023
f,C,lc,2025,17.67599452962,2023
f,C,lc,2026,17.7879687306641,2023
f,C,lc,2027,17.8994752600949,2023
f,C,lc,2028,18.0105085191582,2023
f,C,lc,2029,18.1210631474804,2023
f,C,lc,2030,18.2311340189254,2023
f,C,lc,2031,18.3407162374232,2023
f,C,lc,2032,18.4498051327775,2023
f,C,lc,2033,18.558396256457,2023
f,C,lc,2034,18.6664853773752,2023
f,C,lc,2035,18.7740684776642,2023
f,C,lc,2036,18.8811417484488,2023
f,C,lc,2037,18.9877015856219,2023
f,C,lc,2038,19.0937445856295,2023
f,C,lc,2039,19.1992675412661,2023
f,C,lc,2040,19.3042674374866,2023
f,C,lc,2041,19.408741447237,2023
f,C,lc,2042,19.5126869273073,2023
f,C,lc,2043,19.6161014142111,2023
f,C,lc,2044,19.7189826200927,2023
f,C,lc,2045,19.8213284286665,2023
f,C,lc,2046,19.923144407793,2023
f,C,lc,2047,20.0244271472173,2023
f,C,lc,2048,20.1251692581985,2023
f,C,lc,2049,20.2253747943681,2023
f,C,lc,2050,20.3250430671904,2023
f,C,lc,2051,20.4241666380914,2023
f,C,lc,2052,20.5227444601368,2023
f,C,lc,2053,20.6207756274302,2023
f,C,lc,2054,20.7182593714414,2023
f,C,lc,2055,20.8151950573816,2023
f,C,lc,2056,20.9115821806284,2023
f,C,lc,2057,21.0074203632009,2023
f,C,lc,2058,21.1027093502873,2023
f,C,lc,2059,21.1974490068228,2023
f,C,lc,2060,21.2916393141212,2023
f,C,lc,2061,21.3852803665601,2023
f,C,lc,2062,21.4783723683193,2023
f,C,lc,2063,21.5709156301733,2023
f,C,lc,2064,21.6629105663391,2023
f,C,lc,2065,21.7543815878233,2023
f,C,lc,2066,21.8453319006994,2023
f,C,lc,2067,21.9357353641898,2023
f,C,lc,2068,22.0255927483429,2023
f,C,lc,2069,22.1149049126985,2023
f,C,lc,2070,22.2036728034675,2023
f,C,lc,2071,22.2918974507652,2023
f,C,lc,2072,22.3795799658972,2023
f,C,lc,2073,22.4667215386965,2023
f,C,lc,2074,22.5533234349148,2023
f,C,lc,2075,22.6393869936638,2023
f,C,lc,2076,22.7249136249098,2023
f,C,lc,2077,22.8099048070187,2023
f,C,lc,2078,22.8943620843528,2023
f,C,lc,2079,22.9782870649175,2023
f,C,lc,2080,23.0616814180587,2023
f,C,cbd,2024,17.5301460235129,2023
f,C,cbd,2025,17.6484440700509,2023
f,C,cbd,2026,17.7668220902552,2023
f,C,cbd,2027,17.8852752477852,2023
f,C,cbd,2028,18.0037987449747,2023
f,C,cbd,2029,18.1223878231827,2023
f,C,cbd,2030,18.2410377631271,2023
f,C,cbd,2031,18.3597438852001,2023
f,C,cbd,2032,18.4785015497655,2023
f,C,cbd,2033,18.5973061574384,2023
f,C,cbd,2034,18.7161531493465,2023
f,C,cbd,2035,18.8350380073729,2023
f,C,cbd,2036,18.9539562543812,2023
f,C,cbd,2037,19.072903454421,2023
f,C,cbd,2038,19.1918752129158,2023
f,C,cbd,2039,19.3108671768312,2023
f,C,cbd,2040,19.4298750348243,2023
f,C,cbd,2041,19.548894517374,2023
f,C,cbd,2042,19.6679213968918,2023
f,C,cbd,2043,19.7869514878123,2023
f,C,cbd,2044,19.9059806466653,2023
f,C,cbd,2045,20.0250047721262,2023
f,C,cbd,2046,20.144019805047,2023
f,C,cbd,2047,20.2630217284665,2023
f,C,cbd,2048,20.3820065676,2023
f,C,cbd,2049,20.5009703898075,2023
f,C,cbd,2050,20.6199093045411,2023
f,C,cbd,2051,20.7388194632711,2023
f,C,cbd,2052,20.8576970593894,2023
f,C,cbd,2053,20.9765383280924,2023
f,C,cbd,2054,21.0953395462408,2023
f,C,cbd,2055,21.2140970321973,2023
f,C,cbd,2056,21.3328071456417,2023
f,C,cbd,2057,21.4514662873635,2023
f,C,cbd,2058,21.5700708990311,2023
f,C,cbd,2059,21.6886174629382,2023
f,C,cbd,2060,21.8071025017267,2023
f,C,cbd,2061,21.9255225780862,2023
f,C,cbd,2062,22.0438742944298,2023
f,C,cbd,2063,22.1621542925464,2023
f,C,cbd,2064,22.2803592532284,2023
f,C,cbd,2065,22.3984858958765,2023
f,C,cbd,2066,22.5165309780797,2023
f,C,cbd,2067,22.6344912951712,2023
f,C,cbd,2068,22.7523636797605,2023
f,C,cbd,2069,22.8701450012413,2023
f,C,cbd,2070,22.9878321652751,2023
f,C,cbd,2071,23.1054221132506,2023
f,C,cbd,2072,23.2229118217197,2023
f,C,cbd,2073,23.3402983018086,2023
f,C,cbd,2074,23.4575785986064,2023
f,C,cbd,2075,23.5747497905286,2023
f,C,cbd,2076,23.6918089886586,2023
f,C,cbd,2077,23.808753336065,2023
f,C,cbd,2078,23.9255800070963,2023
f,C,cbd,2079,24.0422862066536,2023
f,C,cbd,2080,24.1588691694398,2023
