sex,year,central,p025,p500,p975
m,2024,15.4702626873271,14.9865492334812,15.4736925890632,15.9938090271732
m,2025,15.5818920753389,14.9164399287946,15.5719261901237,16.3431352976449
m,2026,15.6942939643972,14.8769594850696,15.6857038513844,16.6344417164078
m,2027,15.8074742167814,14.8245200755623,15.8034191683538,16.9899209282119
m,2028,15.9214387349912,14.7952465291948,15.9089782784858,17.2383079858757
m,2029,16.0361934593529,14.7583546372998,16.0208662962335,17.5141191882445
m,2030,16.1517443652417,14.7573812351457,16.1427736221598,17.7919221086984
m,2031,16.2680974598845,14.755182754894,16.2735392315984,18.07401938891
m,2032,16.3852587787015,14.7461215933123,16.3919854785851,18.3964111792378
m,2033,16.5032343811465,14.7160603984044,16.5251875501659,18.6935571478112
m,2034,16.6220303460039,14.7231881025144,16.6123756985398,18.9218157584941
m,2035,16.741652766096,14.7029408277614,16.728021795161,19.2047480268975
m,2036,16.8621077423562,14.7302191146931,16.8449193074816,19.4700980701622
m,2037,16.983401377221,14.7595819810582,16.9609513330375,19.7831927996331
m,2038,17.1055397672926,14.7182624052807,17.100617177792,20.0447307342997
m,2039,17.2285289952256,14.7441147991581,17.2201979276638,20.2920137418764
m,2040,17.3523751207881,14.7838951230407,17.3503244614161,20.5908352518389
m,2041,17.4770841710514,14.7244322243372,17.4406931408227,20.8777024348606
m,2042,17.6026621296612,14.741105510224,17.5821401052533,21.2147754012753
m,2043,17.7291149251454,14.7775474207264,17.7151152668042,21.4602333687725
m,2044,17.8564484182168,14.7416295711901,17.8664371688226,21.8196925686367
m,2045,17.9846683880295,14.7952249128312,17.9687778140597,22.1850232578839
m,2046,18.1137805173532,14.7727754317129,18.0957371197622,22.5145077172721
m,2047,18.2437903766334,14.7364836401431,18.2008582855568,22.8249590285479
m,2048,18.3747034069091,14.7732818571013,18.3206021763668,23.1557874559834
m,2049,18.5065249015666,14.7831149386733,18.4708063517314,23.5428049232147
m,2050,18.6392599869123,14.7712647794738,18.5726579737272,23.7925716140821
m,2051,18.7729136015571,14.761179297251,18.7110566947668,24.1380140723996
m,2052,18.9074904746097,14.794085508645,18.7923989873907,24.4800147914636
m,2053,19.0429951026858,14.7050137197521,18.9275845530215,24.7680910096453
m,2054,19.1794317257484,14.7507430158607,19.0565316552939,25.2093661371604
m,2055,19.316804301805,14.7677617914001,19.2083974481423,25.4945431050455
m,2056,19.4551164804955,14.7655915393343,19.2949074582418,25.8423378706881
m,2057,19.5943715756158,14.7304203247724,19.4549899928503,26.2696853142141
m,2058,19.7345725366332,14.7427505311979,19.5814724508791,26.5981014959537
m,2059,19.87572191926,14.7151765656723,19.7084692997895,26.8577450148492
m,2060,20.0178218551622,14.7192993695503,19.8254173403051,27.2732995268076
m,2061,20.1608740208919,14.7022543030206,19.9661594294094,27.5921526722935
m,2062,20.3048796061432,14.7288085700345,20.0831800391891,27.8962392763321
m,2063,20.4498392814411,14.7116145954249,20.2371686252135,28.296717925867
m,2064,20.5957531653842,14.7637324209234,20.3673015651476,28.626600668939
m,2065,20.7426207915713,14.7000295728435,20.4867250815277,28.9094055373948
m,2066,20.890441075352,14.7145069982245,20.6195084741262,29.2363096971292
m,2067,21.0366225042007,14.7395736791374,20.7650801122791,29.5333014862904
m,2068,21.1804716606762,14.745567827271,20.940818701855,29.9997137667137
m,2069,21.324944759096,14.7310387866845,21.0688137406081,30.3246052573704
m,2070,21.4700327163436,14.7390607285268,21.1582525266741,30.5460870342887
m,2071,21.6157260811532,14.7336891760302,21.3239901986509,30.7852692882256
m,2072,21.7620150299546,14.753012497,21.4830309754217,31.1109927440063
m,2073,21.9088893630525,14.7879440184714,21.6045424152782,31.407041088407
m,2074,22.0563385011687,14.8120049385789,21.761634105346,31.5592244862149
m,2075,22.2043514823732,14.8295789100907,21.8844142200177,31.8229904360328
m,2076,22.3529169594311,14.8317874362656,22.0274155527626,32.1935643531173
m,2077,22.5020231975915,14.8610092963055,22.1986066997834,32.5543624460269
m,2078,22.6516580728427,14.7701641177066,22.2757393871752,32.7458580201105
m,2079,22.801809070659,14.8081795602525,22.4366455800521,33.0263430419075
m,2080,22.9524632852601,14.8024048874383,22.5512812391795,33.3010074799393
f,2024,17.5301460235129,16.9904996751357,17.5327543906829,18.0990120801088
f,2025,17.6484440700508,16.8708845336596,17.6481934018044,18.4856679278814
f,2026,17.7668220902551,16.8423869100996,17.7649177197217,18.7886966832745
f,2027,17.8852752477852,16.7769411020398,17.8823463346057,19.1317714822209
f,2028,18.0037987449747,16.7284536768421,17.9914102838886,19.4286386251974
f,2029,18.1223878231827,16.6936619969318,18.1054026044388,19.7020923346803
f,2030,18.2410377631271,16.6602316865392,18.2310588609971,20.0548825112069
f,2031,18.3597438852001,16.6204806232376,18.3613758968188,20.3507574637941
f,2032,18.4785015497655,16.6017947503852,18.494742699553,20.7082340198114
f,2033,18.5973061574384,16.5648729859613,18.6184356277363,20.9624740260931
f,2034,18.7161531493464,16.6254778186379,18.7312116115719,21.2688895048313
f,2035,18.8350380073729,16.553703642949,18.8409913989357,21.6208459007466
f,2036,18.9539562543811,16.5540283821649,18.9347212164243,21.9670487837069
f,2037,19.072903454421,16.6015247765949,19.0757744004371,22.2342078104159
f,2038,19.1918752129158,16.6182775003796,19.1948691778203,22.573715959451
f,2039,19.3108671768312,16.60505477363,19.2961513287972,22.9981676963595
f,2040,19.4298750348243,16.627127818196,19.4258599664678,23.2758356980062
f,2041,19.548894517374,16.5492049187064,19.5457546566413,23.5233724395054
f,2042,19.6679213968917,16.5926496578015,19.6689318741468,23.8278394769845
f,2043,19.7869514878123,16.5855712865021,19.7989616870247,24.1445013964906
f,2044,19.9059806466653,16.5507820360388,19.8867369713616,24.4932232624575
f,2045,20.0250047721262,16.5635655101136,19.9925589607893,24.8536148898216
f,2046,20.144019805047,16.5730047373921,20.1122167651551,25.1674426182424
f,2047,20.2630217284664,16.5938224735407,20.2385640127433,25.5623780961605
f,2048,20.3820065675999,16.6080199990912,20.359914352832,25.9083924948622
f,2049,20.5009703898074,16.6028612278253,20.5069018513781,26.1278129968461
f,2050,20.6199093045411,16.6251125753064,20.5921303466544,26.542311274538
f,2051,20.738819463271,16.5717284892763,20.715365038558,26.8571664583738
f,2052,20.8576970593893,16.5666534856077,20.8528887718732,27.1741601521924
f,2053,20.9765383280924,16.5931666928344,20.9568410380371,27.5166253971322
f,2054,21.0953395462408,16.6255058124776,21.0566777302274,27.9215365026155
f,2055,21.2140970321973,16.6236735004242,21.1569146014368,28.3200793948153
f,2056,21.3328071456417,16.5736872612625,21.2354484765427,28.6297576198259
f,2057,21.4514662873635,16.5804174141337,21.3535072289091,28.9623408105068
f,2058,21.5700708990311,16.5713121071242,21.4608681877624,29.3846049330068
f,2059,21.6886174629382,16.5612419375227,21.5358448125786,29.5935412918068
f,2060,21.8071025017267,16.5929055037097,21.6995781531659,30.004162420201
f,2061,21.9255225780862,16.6314914070051,21.8093842164086,30.2027771117713
f,2062,22.0438742944298,16.6134151257087,21.9790795225502,30.6346732515355
f,2063,22.1621542925463,16.6057666998453,22.056553966122,30.9473533315575
f,2064,22.2803592532283,16.5980274423912,22.1567359810837,31.2819129387478
f,2065,22.3984858958764,16.617344967924,22.2450192377226,31.5917699472722
f,2066,22.5165309780796,16.6862049226613,22.3773046795251,31.9296620547969
f,2067,22.6344912951711,16.6123614782416,22.5035813433707,32.3390916373612
f,2068,22.7523636797604,16.5906894332856,22.5998658143074,32.5716160124485
f,2069,22.8701450012413,16.5941434754918,22.7106578494846,32.8977815366384
f,2070,22.987832165275,16.6147749111604,22.8277187256275,33.2014116346434
f,2071,23.1054221132506,16.6117055911576,22.9181564689626,33.4572306065458
f,2072,23.2229118217196,16.6313362613663,23.0628963115289,33.8089269806821
f,2073,23.3402983018086,16.5908561188908,23.1643439106954,34.107259178586
f,2074,23.4575785986064,16.5720846564256,23.2524341069017,34.4118798269497
f,2075,23.5747497905286,16.6076729494875,23.3994385121816,34.67778126325
f,2076,23.6918089886586,16.6049404180389,23.5362013314597,34.9675185710275
f,2077,23.8087533360649,16.6218778790178,23.6157110544078,35.3041138449751
f,2078,23.9255800070962,16.5948225309897,23.7435507017869,35.5339934162679
f,2079,24.0422862066535,16.5981938604051,23.8733560273849,35.948427452607
f,2080,24.1588691694397,16.5842260532019,23.9698961119257,36.1660222283673
