sex,year,central,mean,p025,p100,p250,p500,p750,p900,p975,p995
m,2024,15.5467470086462,15.537685966828,15.1203719376987,15.2696651277543,15.394513054755,15.5386612702912,15.6795681880176,15.8099486191515,15.9442020167722,16.0761603483368
m,2025,15.6572814540178,15.6475704137634,15.0452718641936,15.2576551392191,15.4432516151395,15.6488920237767,15.8528503198579,16.0297313495591,16.2244815175003,16.4334426799269
m,2026,15.7681294525491,15.7630825007095,15.0059573857986,15.2790871739431,15.5067296365602,15.7651340344325,16.0222648783663,16.2462732115375,16.5072650041237,16.7157313302235
m,2027,15.87928564204,15.8771527825851,14.9789612385099,15.3103291298846,15.5665475900947,15.8806982748206,16.1798262218993,16.4572501031998,16.7472833390109,17.0199846881751
m,2028,15.9907446948771,15.9890310269953,14.9783656831612,15.3357931742098,15.6383330468529,15.9912265150375,16.3381171919615,16.6599560238024,17.0093659040524,17.3347960176405
m,2029,16.1025013189428,16.0990607934995,14.9563422850408,15.3696343984894,15.7134715777397,16.0969904039366,16.4846623379761,16.8341166531069,17.2314999422865,17.5603971593789
m,2030,16.2145502584565,16.2105757981362,14.9725274775703,15.3876490418258,15.7823264494582,16.2107146920849,16.6396941009387,17.0178387982612,17.465113690386,17.7845594410431
m,2031,16.3268862947489,16.3251614818569,14.9708285197147,15.4417130196561,15.8656385860786,16.3249992386118,16.7866987318896,17.2108617126671,17.6953992698391,18.108219976392
m,2032,16.4395042469697,16.4464643089958,14.9712485132699,15.4715663709988,15.9436501760837,16.4490635146428,16.9468967669682,17.405947342954,17.9109106009909,18.3497065125677
m,2033,16.5523989727313,16.5581071831455,14.9845746115896,15.5059648123432,16.0119520443038,16.5579158930919,17.0919344222469,17.5974086240831,18.1027580524576,18.6579839777296
m,2034,16.6655653686873,16.6732063812065,14.9942555455853,15.5536896340811,16.1016780969117,16.6640789774135,17.2456084293353,17.7860510793439,18.3557066023549,18.9102962041096
m,2035,16.7789983710477,16.7885141869983,14.9750256377331,15.5933298193566,16.1924977618417,16.7779182705037,17.4090273633696,17.9495261735557,18.583764978097,19.1759094889946
m,2036,16.8926929560318,16.9052662119336,14.9850944223676,15.649121212468,16.2578421483133,16.9014436856862,17.5600838202634,18.1413033514478,18.7796611865578,19.4716544306826
m,2037,17.006644140258,17.0198688823923,15.0089066197055,15.7019018107858,16.3396689134917,17.0167197935128,17.70368427647,18.3278168485692,18.9868587741239,19.6669152915226
m,2038,17.1208469810732,17.1353043658503,15.0055194078402,15.7407639765927,16.4086588061777,17.1409196087964,17.8601414811687,18.5153375678319,19.2083350261194,19.9566635934098
m,2039,17.2352965768205,17.2558773769607,15.0199346988324,15.7939171180117,16.5012311410113,17.257894880862,18.0092303490863,18.7047247687161,19.450951437417,20.1617170556182
m,2040,17.3499880670463,17.3744496676821,15.0590036823554,15.8342418021438,16.5774490145076,17.3779577637682,18.1530235285855,18.8989644064336,19.6953374418511,20.4996983627707
m,2041,17.4649166326477,17.4953730497237,15.0432330525644,15.9009181210461,16.6809718588962,17.4882865677321,18.3064374072919,19.1085687808078,19.9340202062925,20.7854853700391
m,2042,17.5800774959603,17.6091926149173,15.0726665243893,15.9225302288219,16.7259574750959,17.6046076261023,18.4706946661402,19.3041291695064,20.1559872919035,21.0897771846354
m,2043,17.6954663614816,17.7237172313112,15.0677298121996,15.9618472603885,16.8260777891808,17.7337263927927,18.6192987139366,19.4734047237236,20.383822628329,21.2424598952699
m,2044,17.8111718479363,17.8389459478644,15.0675583969,16.0413803109793,16.8908595567252,17.8470299897562,18.7813521436427,19.6346545331881,20.6003357963351,21.4258688372027
m,2045,17.9270980165117,17.9612902277756,15.0880187831493,16.091298420779,16.9706800916953,17.9706421425632,18.9329158640852,19.8379851041336,20.8367507979802,21.6680521247824
m,2046,18.0432402599091,18.0741850192044,15.1120420375871,16.131368466569,17.0547854907318,18.0889764712614,19.0927511513828,20.001520913485,21.0841287797713,21.9733799992729
m,2047,18.1595992138913,18.1977033856161,15.1511162680127,16.168971420302,17.1361889667533,18.2224069703353,19.2422885225093,20.193464342512,21.3093540752242,22.2869273508179
m,2048,18.2761747143564,18.3159335312243,15.1756815556621,16.2149866251021,17.2064310394252,18.3090159996793,19.4081275082279,20.3943486873222,21.4943792461415,22.5067769892923
m,2049,18.3929658454328,18.433121760241,15.1712833605339,16.2731383715545,17.3006056757618,18.4153142594075,19.5784251571877,20.5741887220882,21.6872921284617,22.7093836031518
m,2050,18.5100077339458,18.5470663990464,15.1904727014186,16.3406457421888,17.3546224550996,18.5388459453227,19.7145529770649,20.7429197530216,21.9741254123319,22.9843757471817
m,2051,18.6272486097793,18.6633446216737,15.2244087223636,16.3899375205038,17.4373347369256,18.643312269049,19.8883236984811,20.9347550577369,22.1352299027861,23.298063217448
m,2052,18.7446794466981,18.7844803549459,15.2618645370728,16.4112543041663,17.5268752134521,18.7722290921525,20.050166827997,21.0916446251992,22.4079205760901,23.5102736347197
m,2053,18.8622958988297,18.8995092513282,15.2781212431686,16.4789391858945,17.6071480117113,18.8923503205781,20.1894796175675,21.2966479838485,22.6175232188807,23.8164161789009
m,2054,18.9800936565588,19.0226396161437,15.2976369741278,16.5456952198375,17.6994613075838,18.9941712069016,20.3380358846506,21.5234087328472,22.8054347820355,24.206254398731
m,2055,19.0980684458718,19.1440705055269,15.3260918556011,16.5946633166126,17.7918401524351,19.1139352368911,20.4827769032618,21.670334068593,23.0572091323897,24.5261505114785
m,2056,19.2162160276454,19.2616456229835,15.3295606378755,16.6473956291225,17.8542400712008,19.2397854678614,20.6269311268288,21.8687854505456,23.2554559408913,24.6435059119678
m,2057,19.3345321968805,19.3822189487528,15.3512346640695,16.700708746309,17.9461791126563,19.3569676874127,20.7994943791951,22.0453480032761,23.5224532729188,24.7831156996925
m,2058,19.4530695318796,19.5000574491064,15.3733070664837,16.7609712676343,18.0464719144004,19.5005271525719,20.9621053258572,22.1956352306583,23.7391957750353,25.0486299942944
m,2059,19.5718570957246,19.614965264481,15.368783506985,16.7754156967936,18.0909965201882,19.605128958179,21.0802639955242,22.3762127498121,23.91011703665,25.379217486595
m,2060,19.6908022508071,19.7389150863007,15.4122237946989,16.8512246117305,18.1729443245203,19.7253577580303,21.2420636854722,22.6112287390654,24.1932022432179,25.6262912882726
m,2061,19.8099008762973,19.8565350072638,15.4479292772521,16.9125635457369,18.2708287449859,19.8446530563592,21.3963559221534,22.8149421281592,24.4788074089945,25.9647145285091
m,2062,19.9291488811725,19.9813387712396,15.4543870129313,16.9600384379796,18.3778025752899,19.9384790566852,21.559654077134,22.9708835530686,24.6404628923326,26.2282016330619
m,2063,20.0485422031229,20.1051249143871,15.5074879180572,17.0325871799559,18.4531255500134,20.0678923671772,21.7249356577389,23.1646300765873,24.8940450284688,26.4416300035527
m,2064,20.1680768074036,20.2266805401336,15.5406188418809,17.0911296664784,18.5493709860655,20.1774333292486,21.8708764690141,23.3330143073759,25.1235472868678,26.6306570429967
m,2065,20.2877589499465,20.3500478852068,15.5704299787157,17.1177555850498,18.6502651814377,20.3139693245657,22.00526415674,23.5586532931282,25.3864029865927,26.9111859155683
m,2066,20.4075749275185,20.4693826364963,15.6524414529799,17.1416677915943,18.7303901836168,20.4293408813084,22.1704605672143,23.7018314786815,25.5869031712467,27.3502701500051
m,2067,20.5275202248502,20.5898210538379,15.6193647770103,17.2009569396836,18.8006717190056,20.5631946948892,22.3457695075672,23.9239939931453,25.8173221533735,27.6121486670587
m,2068,20.6475909047321,20.7146831214323,15.6048637575668,17.2911332415912,18.8956076645511,20.7040387397504,22.4692674630627,24.1323469875653,25.9910673235006,27.8822972287934
m,2069,20.7677830509358,20.838242534557,15.6275511686046,17.3776580284612,18.979390071023,20.8131072418346,22.6253189022986,24.3619379756257,26.22607406117,28.1130576523574
m,2070,20.8880927667652,20.9575216430955,15.7405618983665,17.3961095519903,19.0464083622312,20.9250300346207,22.8020658739879,24.507770901334,26.580618678539,28.4027602966186
m,2071,21.0085161735598,21.0758184738719,15.7893073112146,17.4734350619048,19.1001120397622,21.0504723542324,22.9678966802637,24.7081698247616,26.7326133355414,28.5201405322106
m,2072,21.1290494091541,21.2006409641203,15.8229189592002,17.5417865572861,19.2286591442067,21.1735027741996,23.1569661325488,24.8566516028668,26.9358446371146,28.7613202039057
m,2073,21.2496886262918,21.3261796694969,15.823609643948,17.5825428269213,19.3006617261801,21.3078450001269,23.2907861988377,25.0278046439084,27.1973504243362,28.9738385532778
m,2074,21.3704299909991,21.4410109086828,15.8534608548971,17.6292673047574,19.4008391506697,21.4112890810463,23.4353391655663,25.2030175966315,27.4289460893057,29.3019647394528
m,2075,21.4912696809159,21.5581489117122,15.8888023129,17.6666299067339,19.4996028816694,21.5113228741199,23.5833721203924,25.4043663452589,27.6249419720127,29.5984020003945
m,2076,21.6122038835896,21.6754513484545,15.9577759379018,17.737290898761,19.5510783389429,21.6512095785557,23.7490546197882,25.562863552746,27.8840645659107,29.854693791509
m,2077,21.7332287947314,21.8006906701315,15.9198909695665,17.7876025588888,19.654421175452,21.749371928823,23.9006317732273,25.8038782559506,28.1137291990998,30.1367533739251
m,2078,21.8543406164381,21.9186270158991,15.9070518201337,17.8534444331005,19.7491631710634,21.8960228325889,24.0654082461795,25.9841050869617,28.3201954130012,30.3742096314254
m,2079,21.9755355553815,22.0367220594345,15.9479322615059,17.9118128522004,19.8237042076483,21.9868555191175,24.1813996365495,26.1566854040517,28.55426097864,30.4995123288484
m,2080,22.0968098209678,22.1604985682791,15.9050739124227,17.9859995416101,19.9349437794082,22.1241996357227,24.3340724436334,26.3567760516075,28.77960057192,30.6773605067095
f,2024,17.613918609958,17.6007248454956,17.1280580035023,17.2989752259177,17.4403118208579,17.6029597868373,17.7581887559567,17.9053493759124,18.0618756475297,18.2000074336015
f,2025,17.7322804657862,17.7149170147034,17.0532923783983,17.2764103622433,17.4911588467989,17.7125497366895,17.9442008436105,18.1504281827975,18.3804707489807,18.573094032307
f,2026,17.8503337558511,17.8372125639873,16.9982429447713,17.2907198560546,17.5572351797891,17.8428300367496,18.1254049497712,18.3782744026467,18.6579438382014,18.9111456974879
f,2027,17.9680701815291,17.9548611898372,16.9722371124492,17.3128769719341,17.6358414364305,17.9602304175625,18.2857884856054,18.5813299833882,18.9211202522514,19.1668936886913
f,2028,18.0854816913949,18.069807010238,16.9276980098604,17.3421113594177,17.6859431638784,18.0806471975433,18.4509635819021,18.7970568311073,19.1621516419013,19.4902927855454
f,2029,18.202560478255,18.1838293694864,16.9450782840882,17.3658589178527,17.7691320533005,18.1918921822872,18.6099264709741,18.9721306887465,19.4226207501349,19.8126411223277
f,2030,18.3192989760801,18.297498308337,16.9203180329692,17.4094336955968,17.8409067346576,18.3020603962714,18.772045279468,19.1715052415342,19.637351501876,20.1361382641406
f,2031,18.4356898568458,18.4144193833962,16.9064764774876,17.4427000772653,17.9067210333642,18.4246130319359,18.917274520085,19.3676356231475,19.8513666904569,20.3744021185451
f,2032,18.5517260272926,18.5371359126367,16.9156030158226,17.494925278072,17.9818728577464,18.5597763938489,19.0898658032709,19.5581179873443,20.1000805482278,20.5176621881256
f,2033,18.667400625612,18.647969391377,16.9323256151293,17.5141450794056,18.0588774469802,18.6616066855696,19.2513801719137,19.7600616424652,20.309492116756,20.7885551986777
f,2034,18.7827070180689,18.7647830132358,16.9472047926497,17.5521962263988,18.1353658931998,18.7823932230245,19.4005939467583,19.9545595124855,20.5340684015962,21.0347102781995
f,2035,18.8976387955669,18.8789972826743,16.9352505366446,17.6217212932262,18.2203546497761,18.9005912234356,19.5573207833435,20.125413417113,20.7413416598301,21.2707101608243
f,2036,19.0121897701649,18.9949571812537,16.9428632264089,17.6826454293856,18.3000806437558,19.0024468406277,19.7139765999773,20.3054911806539,20.9298071875028,21.4670430974285
f,2037,19.1263539715528,19.1045041772748,16.9408273590834,17.7450086774767,18.3766151489445,19.1198365950676,19.8579280900445,20.5017406494762,21.1713660973178,21.6221359293867
f,2038,19.2401287263358,19.2142914029699,16.9617649195105,17.7785454711401,18.4337279927942,19.2253989736429,19.9985565787517,20.6837537578711,21.3798987301108,21.9553181179841
f,2039,19.3535242664152,19.3319138776575,16.9605301493199,17.8313199787977,18.5547505141023,19.3340905476482,20.1523852780784,20.8479806458885,21.5949833110712,22.1318107065925
f,2040,19.466517015651,19.4439681052225,16.9366536955465,17.8713596860887,18.6335140840989,19.4390354994264,20.3054498464603,21.0175355782804,21.7621458511959,22.3756688692623
f,2041,19.5791018089956,19.5582876559994,16.9636074068051,17.9537486809909,18.7169564235551,19.572000804311,20.430426286992,21.1726411381515,22.0148014050719,22.5589526459803
f,2042,19.6912736811895,19.6649703792499,17.0149551677584,17.9793618682283,18.7766673460072,19.6924698640878,20.5920479697325,21.3559275096284,22.1994557714948,22.8507681279677
f,2043,19.8030278631456,19.7730728913035,16.9739529818679,18.0124878561047,18.8562113707483,19.7969475017041,20.7187972451698,21.5307428669582,22.3567766303132,23.0372553068155
f,2044,19.9143597783312,19.8792844561381,16.9741985824704,18.0576337638367,18.9390020260953,19.9090342819855,20.8617864901879,21.6914144158975,22.5650493089265,23.2320829906583
f,2045,20.0252650391517,19.9920031383547,17.0141983691524,18.1163718012289,19.0102441794448,20.0182131075994,20.9795995375962,21.8634108987366,22.8076735658296,23.452257228056
f,2046,20.1357394433404,20.0971155959948,17.0287033014258,18.1509315472369,19.090790781125,20.109991636931,21.1285410582802,22.0250978070697,22.9695997949767,23.6537846706114
f,2047,20.2457789703582,20.2110204496835,17.0081571133704,18.2131903087378,19.1969156556251,20.2219640566361,21.2718308625683,22.1748063743096,23.195618706561,23.9063111543991
f,2048,20.3553797778064,20.3187873222226,17.0424637040709,18.2688104709561,19.2705677544352,20.3417561142363,21.3878365126035,22.3558964409041,23.375175875199,24.1515183624782
f,2049,20.4645381978568,20.4257351203197,17.0853185211353,18.3729734605027,19.3478652693549,20.4534752981986,21.5323738840216,22.4837593018347,23.5512979808478,24.4167370766558
f,2050,20.5732552049118,20.5261826306964,17.1240803932307,18.3978459200478,19.4215150092129,20.552680353597,21.6872615416024,22.6567167926479,23.7132098612738,24.5670453671535
f,2051,20.6815575100974,20.6299807348953,17.1573041061373,18.4534314183907,19.4852143262388,20.6746701718323,21.7952112309342,22.8220086638909,23.9154452239944,24.8256339745641
f,2052,20.7894645843566,20.7395201557742,17.1661072932582,18.4940026107059,19.5592747328982,20.7927133860572,21.9158506058231,22.988756480226,24.1264494503651,25.0748800720744
f,2053,20.8969324546521,20.8440079189335,17.1906253799017,18.5288181720914,19.645183109126,20.8679591060157,22.0488016469647,23.1430027961645,24.294097637413,25.2676805398819
f,2054,21.0039426977697,20.9494245029019,17.1960545527177,18.5584692999833,19.7175660075735,20.9853800251124,22.2043515728135,23.293668996099,24.4786520933518,25.4948424412994
f,2055,21.1104925160649,21.0514921400723,17.2507321124608,18.6475769034573,19.7988552082634,21.0917551187331,22.3449408836116,23.446538037876,24.6567446899123,25.6596952125282
f,2056,21.2165792643004,21.1548626240517,17.2238934668809,18.6825315497437,19.8810109249497,21.199545047071,22.4571878462664,23.6009223958104,24.8741508054966,25.8182702964369
f,2057,21.322200446367,21.2595651466729,17.24524021737,18.7245773415369,19.9498102060319,21.292534561944,22.6005660519968,23.7439167998753,25.0344148428809,26.0335059171521
f,2058,21.4273988608155,21.3594611751653,17.2710029666733,18.8232312799584,20.0167368350372,21.4062706266593,22.7126843700973,23.9051466659861,25.1904261738111,26.2151439535666
f,2059,21.5321846761082,21.4593589694672,17.2417385724173,18.8357761496734,20.1209144854485,21.4987553702458,22.8369078963805,24.0563685906702,25.4012030867522,26.5205501022611
f,2060,21.6364996245594,21.5641330295481,17.237834485348,18.8913346199489,20.1900507852473,21.6080609342104,22.9600451546512,24.2336745363052,25.5636287323434,26.706769256396
f,2061,21.740341674305,21.6618132100043,17.2236140711929,18.9638610655419,20.2656406045259,21.7146818582643,23.0755580176046,24.3670531357162,25.7116649939047,26.9250018189441
f,2062,21.8437089281822,21.7668497465003,17.2912932824868,19.0375515726122,20.359806255623,21.8369689403984,23.202062671166,24.5282623262758,25.8591732219086,27.0506438313294
f,2063,21.9465996207145,21.8676446533489,17.3279320874083,19.047829140638,20.4262675545349,21.9200538571362,23.3270610241387,24.6479317173269,26.0379202644393,27.3279483290021
f,2064,22.0490121151298,21.9665688043012,17.3563359249826,19.1169408922455,20.529240604739,22.0427114287011,23.454781442735,24.769595329215,26.2365623426747,27.5955102855458
f,2065,22.1509807462407,22.0670821184894,17.3195830052126,19.1497450136884,20.6318261296449,22.1118029860169,23.5859905449252,24.9076705350682,26.4189332035336,27.830217773893
f,2066,22.2524710366228,22.1650186855935,17.3604975402499,19.2076870605126,20.6980369013587,22.2120405393631,23.6973130641021,25.0298571319967,26.5472603418861,27.8837374923284
f,2067,22.3534791073353,22.2674799471205,17.4117034262676,19.2697530790325,20.8044387563461,22.3427236214238,23.8228950993896,25.1410051290488,26.75184181289,28.1701590231572
f,2068,22.4540037907106,22.3681964827283,17.3761606651256,19.2993408910217,20.8841644410868,22.4376573310583,23.952828964064,25.3069906376993,26.9017544758172,28.4622612153453
f,2069,22.5540440337142,22.4650315386038,17.4177346326029,19.3594697173511,20.9501909485788,22.5470524823685,24.0706034274022,25.4677497995883,27.0287921356982,28.6921300485644
f,2070,22.6535988951867,22.5577266429977,17.443108220315,19.4447257412612,21.0221718565928,22.6249213853432,24.1862646669615,25.6024879697989,27.1823021754034,28.7783999118339
f,2071,22.7526675431233,22.6538258053527,17.4995100741673,19.46626616871,21.1033745636864,22.7240224197761,24.2815620146556,25.7277727079911,27.3045625851747,28.9106818273929
f,2072,22.8512492519933,22.7541124702437,17.5375515242942,19.5366716999881,21.1532973081121,22.8332142000275,24.3971830079635,25.8374558326997,27.4968373373835,29.1850841173059
f,2073,22.9493434000964,22.8500938590097,17.5167918962147,19.6133964933664,21.2329960620506,22.9502388039486,24.5046527860442,25.9927669117269,27.6491139099556,29.4674554342272
f,2074,23.0469494669601,22.9399616614468,17.486052305077,19.6444023185082,21.3229880474478,23.0434577293467,24.6425590471634,26.1276601373487,27.829978105783,29.6077040199443
f,2075,23.144067030775,23.0323044477841,17.5131523541988,19.6771362257798,21.3725575891099,23.144784472437,24.7428665615221,26.2519636994839,27.9799164489127,29.956124013416
f,2076,23.2406957658709,23.1212835485443,17.5900586935878,19.7252913989148,21.4516725480307,23.2270485814602,24.865481168382,26.3894302474816,28.1075382854045,30.0786388038465
f,2077,23.3368354402313,23.2191744866404,17.5823249697973,19.7523090728208,21.5330101298354,23.327361774712,24.9861250922707,26.5197117534433,28.3161424202096,30.2295099724015
f,2078,23.4324859130484,23.3099822169838,17.6201666914483,19.8037460599019,21.5794165784842,23.4341999399757,25.0802470663002,26.6442343482998,28.505417716536,30.4301070178092
f,2079,23.5276471323176,23.4000542619953,17.6796094186305,19.8076490536615,21.649355545467,23.5116296272915,25.1939602323303,26.7649320462981,28.6455951518907,30.6952507783594
f,2080,23.6223191324717,23.4948587255021,17.7142186442027,19.8740393615469,21.7366671924791,23.6124569108718,25.3023636478684,26.8816427548296,28.8138813456379,30.8467355267623
