sex,year,e65
m,2024,15.6999308320649
m,2025,15.8279220777674
m,2026,15.9510291469213
m,2027,16.0717404237615
m,2028,16.1912656163874
m,2029,16.3102058046687
m,2030,16.4288618200088
m,2031,16.5473831824034
m,2032,16.6658422518985
m,2033,16.7842718150038
m,2034,16.902684328658
m,2035,17.0210818247922
m,2036,17.139461020527
m,2037,17.2578159569224
m,2038,17.3761393613938
m,2039,17.4944233506746
m,2040,17.6126597931521
m,2041,17.7308404953913
m,2042,17.8489572979973
m,2043,17.9670021247726
m,2044,18.084967007833
m,2045,18.202844100352
m,2046,18.3206256829327
m,2047,18.4383166569762
m,2048,18.5559000978791
m,2049,18.6733657458653
m,2050,18.7907064064834
m,2051,18.9079150171632
m,2052,19.0249941987525
m,2053,19.1419333524938
m,2054,19.2587200396506
m,2055,19.3753477172226
m,2056,19.4918416327595
m,2057,19.6082010210398
m,2058,19.724383617639
m,2059,19.8403833719426
m,2060,19.9561943582038
m,2061,20.0718107745805
m,2062,20.187244624061
m,2063,20.3024878288465
m,2064,20.417519575452
m,2065,20.5323345448559
m,2066,20.6469275364726
m,2067,20.7612934670339
m,2068,20.8754273694464
m,2069,20.9893243916292
m,2070,21.1030128182415
m,2071,21.2167897325566
m,2072,21.3304132157321
m,2073,21.4437806038274
m,2074,21.556887524835
m,2075,21.6697297127092
m,2076,21.7823030062859
m,2077,21.8946033481843
m,2078,22.0066267836944
m,2079,22.1183694596489
m,2080,22.2298276232825
f,2024,17.4631998048905
f,2025,17.5561401590001
f,2026,17.6580168084212
f,2027,17.7640904560384
f,2028,17.8721042376113
f,2029,17.9809914719713
f,2030,18.0902483561525
f,2031,18.1996356793958
f,2032,18.3090382629956
f,2033,18.4183990060868
f,2034,18.5276880057752
f,2035,18.6368881171689
f,2036,18.7459882064619
f,2037,18.8549800003338
f,2038,18.9638566153151
f,2039,19.0726118714551
f,2040,19.1812399719515
f,2041,19.2897353534523
f,2042,19.3980926159094
f,2043,19.5063064894918
f,2044,19.6143718187485
f,2045,19.7222835547929
f,2046,19.8300367512105
f,2047,19.9376265616904
f,2048,20.0450482384492
f,2049,20.1522971310164
f,2050,20.2593686851808
f,2051,20.3662584420053
f,2052,20.4729620368672
f,2053,20.5794751985064
f,2054,20.6857937480712
f,2055,20.7919448102476
f,2056,20.8979343006925
f,2057,21.0037180376922
f,2058,21.1092921854212
f,2059,21.2146529954727
f,2060,21.3197968058739
f,2061,21.4247200400956
f,2062,21.5294192060612
f,2063,21.6338908951513
f,2064,21.7381317812077
f,2065,21.8421386195357
f,2066,21.9459082459054
f,2067,22.0494375755532
f,2068,22.1527236021832
f,2069,22.2557633969687
f,2070,22.3585541075558
f,2071,22.4610929570667
f,2072,22.5633772431067
f,2073,22.6654043367712
f,2074,22.7671783245363
f,2075,22.8686903388354
f,2076,22.9699383609112
f,2077,23.0709357128495
f,2078,23.1716638470013
f,2079,23.2721205455154
f,2080,23.3723036572364
