sex,variant,model,index,year,kt,kt_rawbeta
m,A,lc,1,2003,4.11819180120907,4.14527566261373
m,A,lc,1,2004,3.39350325225577,3.35282677426017
m,A,lc,1,2005,3.32717657134989,3.27983971608251
m,A,lc,1,2006,2.93727347099362,2.95430138817734
m,A,lc,1,2007,3.92744165369829,3.94254994580926
m,A,lc,1,2008,1.79739192383689,1.84705974308311
m,A,lc,1,2009,0.828205599464755,0.847021098213097
m,A,lc,1,2010,0.631014020013401,0.663057165699525
m,A,lc,1,2011,0.165330658092123,0.0411674819457252
m,A,lc,1,2012,0.527687875014086,0.542370706626064
m,A,lc,1,2013,-1.82428931605586,-1.84434907910675
m,A,lc,1,2014,-2.42049278896134,-2.37021161336217
m,A,lc,1,2015,-1.94322589316684,-1.93369302443519
m,A,lc,1,2016,-2.37319075582669,-2.41316484701381
m,A,lc,1,2017,-3.2394713080486,-3.22774365544318
m,A,lc,1,2018,-4.97855978059947,-4.9712153633853
m,A,lc,1,2019,-4.8739869832691,-4.85509209976414
m,A,cbd,1,2003,-2.87796640439176,-2.87796640439176
m,A,cbd,1,2004,-2.89654384905035,-2.89654384905035
m,A,cbd,1,2005,-2.89792249553652,-2.89792249553652
m,A,cbd,1,2006,-2.90712536571264,-2.90712536571264
m,A,cbd,1,2007,-2.87755705455595,-2.87755705455595
m,A,cbd,1,2008,-2.94564968822272,-2.94564968822272
m,A,cbd,1,2009,-2.97250475640776,-2.97250475640776
m,A,cbd,1,2010,-2.97621831701669,-2.97621831701669
m,A,cbd,1,2011,-2.99311601961083,-2.99311601961083
m,A,cbd,1,2012,-2.98550761577206,-2.98550761577206
m,A,cbd,1,2013,-3.05076325989615,-3.05076325989615
m,A,cbd,1,2014,-3.06916136365003,-3.06916136365003
m,A,cbd,1,2015,-3.05488099857067,-3.05488099857067
m,A,cbd,1,2016,-3.06122101302946,-3.06122101302946
m,A,cbd,1,2017,-3.09710241684148,-3.09710241684148
m,A,cbd,1,2018,-3.14514026708291,-3.14514026708291
m,A,cbd,1,2019,-3.14571765534757,-3.14571765534757
m,A,cbd,2,2003,0.100679712776242,0.100679712776242
m,A,cbd,2,2004,0.101486877689519,0.101486877689519
m,A,cbd,2,2005,0.10126561677546,0.10126561677546
m,A,cbd,2,2006,0.100514736972238,0.100514736972238
m,A,cbd,2,2007,0.101828132825089,0.101828132825089
m,A,cbd,2,2008,0.102087905138723,0.102087905138723
m,A,cbd,2,2009,0.0989994292856571,0.0989994292856571
m,A,cbd,2,2010,0.102011570875029,0.102011570875029
m,A,cbd,2,2011,0.102349810625948,0.102349810625948
m,A,cbd,2,2012,0.105766949724049,0.105766949724049
m,A,cbd,2,2013,0.100882400373034,0.100882400373034
m,A,cbd,2,2014,0.0992657651150743,0.0992657651150743
m,A,cbd,2,2015,0.101151793305745,0.101151793305745
m,A,cbd,2,2016,0.099844120766731,0.099844120766731
m,A,cbd,2,2017,0.101915300093898,0.101915300093898
m,A,cbd,2,2018,0.0989310800768022,0.0989310800768022
m,A,cbd,2,2019,0.100071225859969,0.100071225859969
m,B,lc,1,2003,4.43815003976957,4.46288441155023
m,B,lc,1,2004,3.70521427149823,3.65187278212963
m,B,lc,1,2005,3.64488273334469,3.60932368701419
m,B,lc,1,2006,3.25178186791749,3.28085093585742
m,B,lc,1,2007,4.22124447695113,4.22905973199444
m,B,lc,1,2008,2.05787386677454,2.0878368653917
m,B,lc,1,2009,1.04790231210419,1.03962712026327
m,B,lc,1,2010,0.95977532702862,0.982532984513318
m,B,lc,1,2011,0.479472290029627,0.368033521217149
m,B,lc,1,2012,0.906040334354744,0.924482875938361
m,B,lc,1,2013,-1.41925996977981,-1.40553133282144
m,B,lc,1,2014,-2.09449083197252,-2.03860278840389
m,B,lc,1,2015,-1.59197317675668,-1.56018798970306
m,B,lc,1,2016,-2.00861617654915,-2.08304226560892
m,B,lc,1,2017,-2.93369406139559,-2.96092568418114
m,B,lc,1,2018,-4.69972666443854,-4.67413407661526
m,B,lc,1,2019,-4.50109113378737,-4.46382964405544
m,B,lc,1,2020,,
m,B,lc,1,2021,,
m,B,lc,1,2022,,
m,B,lc,1,2023,-5.46348550509318,-5.45025113448056
m,B,cbd,1,2003,-2.87796640439177,-2.87796640439177
m,B,cbd,1,2004,-2.89654384905035,-2.89654384905035
m,B,cbd,1,2005,-2.89792249553652,-2.89792249553652
m,B,cbd,1,2006,-2.90712536571263,-2.90712536571263
m,B,cbd,1,2007,-2.87755705455595,-2.87755705455595
m,B,cbd,1,2008,-2.94564968822272,-2.94564968822272
m,B,cbd,1,2009,-2.97250475640776,-2.97250475640776
m,B,cbd,1,2010,-2.97621831701669,-2.97621831701669
m,B,cbd,1,2011,-2.99311601961083,-2.99311601961083
m,B,cbd,1,2012,-2.98550761577206,-2.98550761577206
m,B,cbd,1,2013,-3.05076325989615,-3.05076325989615
m,B,cbd,1,2014,-3.06916136365003,-3.06916136365003
m,B,cbd,1,2015,-3.05488099857067,-3.05488099857067
m,B,cbd,1,2016,-3.06122101302946,-3.06122101302946
m,B,cbd,1,2017,-3.09594197893426,-3.09594197893426
m,B,cbd,1,2018,-3.14341859411082,-3.14341859411082
m,B,cbd,1,2019,-3.1393517391272,-3.1393517391272
m,B,cbd,1,2020,,
m,B,cbd,1,2021,,
m,B,cbd,1,2022,,
m,B,cbd,1,2023,-3.15968676384763,-3.15968676384763
m,B,cbd,2,2003,0.100679712776242,0.100679712776242
m,B,cbd,2,2004,0.101486877689519,0.101486877689519
m,B,cbd,2,2005,0.10126561677546,0.10126561677546
m,B,cbd,2,2006,0.100514736972238,0.100514736972238
m,B,cbd,2,2007,0.101828132825089,0.101828132825089
m,B,cbd,2,2008,0.102087905138723,0.102087905138723
m,B,cbd,2,2009,0.0989994292856571,0.0989994292856571
m,B,cbd,2,2010,0.102011570875029,0.102011570875029
m,B,cbd,2,2011,0.102349810625948,0.102349810625948
m,B,cbd,2,2012,0.105766949724049,0.105766949724049
m,B,cbd,2,2013,0.100882400373034,0.100882400373034
m,B,cbd,2,2014,0.0992657651150744,0.0992657651150744
m,B,cbd,2,2015,0.101151793305745,0.101151793305745
m,B,cbd,2,2016,0.099844120766731,0.099844120766731
m,B,cbd,2,2017,0.10170059321767,0.10170059321767
m,B,cbd,2,2018,0.0986306765494312,0.0986306765494312
m,B,cbd,2,2019,0.0989636462673328,0.0989636462673328
m,B,cbd,2,2020,,
m,B,cbd,2,2021,,
m,B,cbd,2,2022,,
m,B,cbd,2,2023,0.094743301314645,0.094743301314645
m,C,lc,1,2003,3.81661614608223,3.80678694336384
m,C,lc,1,2004,3.13110805644269,3.12347748178822
m,C,lc,1,2005,3.09848406207674,3.08512238741173
m,C,lc,1,2006,2.73489896659202,2.74398925761524
m,C,lc,1,2007,3.71378641062969,3.73540899975498
m,C,lc,1,2008,1.47572777631194,1.49875326391173
m,C,lc,1,2009,0.501831239909874,0.533305104934461
m,C,lc,1,2010,0.331805333017686,0.371363307519563
m,C,lc,1,2011,-0.152839729190147,-0.243281586500094
m,C,lc,1,2012,0.136125043703097,0.123497600540991
m,C,lc,1,2013,-2.18159306301539,-2.19327520707621
m,C,lc,1,2014,-2.81762408422897,-2.81362346029467
m,C,lc,1,2015,-2.33369002130761,-2.34311543412526
m,C,lc,1,2016,-2.66343890093418,-2.70489854212826
m,C,lc,1,2017,-3.70559949986203,-3.68701232050744
m,C,lc,1,2018,-5.40877763860119,-5.40073132937837
m,C,lc,1,2019,-5.22747594459055,-5.2050620167728
m,C,lc,1,2020,4.20290883352416,4.20513167814697
m,C,lc,1,2021,7.33984160839726,7.32974795596271
m,C,lc,1,2022,,
m,C,lc,1,2023,-5.99209459495733,-5.96558408416734
m,C,cbd,1,2003,-2.87796640439176,-2.87796640439176
m,C,cbd,1,2004,-2.89654384905035,-2.89654384905035
m,C,cbd,1,2005,-2.89792249553652,-2.89792249553652
m,C,cbd,1,2006,-2.90712536571264,-2.90712536571264
m,C,cbd,1,2007,-2.87755705455595,-2.87755705455595
m,C,cbd,1,2008,-2.94564968822272,-2.94564968822272
m,C,cbd,1,2009,-2.97250475640776,-2.97250475640776
m,C,cbd,1,2010,-2.97621831701669,-2.97621831701669
m,C,cbd,1,2011,-2.99311601961083,-2.99311601961083
m,C,cbd,1,2012,-2.98550761577206,-2.98550761577206
m,C,cbd,1,2013,-3.05076325989615,-3.05076325989615
m,C,cbd,1,2014,-3.06916136365003,-3.06916136365003
m,C,cbd,1,2015,-3.05488099857066,-3.05488099857066
m,C,cbd,1,2016,-3.06122101302946,-3.06122101302946
m,C,cbd,1,2017,-3.09594197893426,-3.09594197893426
m,C,cbd,1,2018,-3.14341859411081,-3.14341859411081
m,C,cbd,1,2019,-3.1393517391272,-3.1393517391272
m,C,cbd,1,2020,-2.85020563466708,-2.85020563466708
m,C,cbd,1,2021,-2.75826321983781,-2.75826321983781
m,C,cbd,1,2022,,
m,C,cbd,1,2023,-3.15968676384763,-3.15968676384763
m,C,cbd,2,2003,0.100679712776242,0.100679712776242
m,C,cbd,2,2004,0.101486877689519,0.101486877689519
m,C,cbd,2,2005,0.10126561677546,0.10126561677546
m,C,cbd,2,2006,0.100514736972238,0.100514736972238
m,C,cbd,2,2007,0.101828132825089,0.101828132825089
m,C,cbd,2,2008,0.102087905138723,0.102087905138723
m,C,cbd,2,2009,0.098999429285657,0.098999429285657
m,C,cbd,2,2010,0.102011570875029,0.102011570875029
m,C,cbd,2,2011,0.102349810625948,0.102349810625948
m,C,cbd,2,2012,0.105766949724049,0.105766949724049
m,C,cbd,2,2013,0.100882400373034,0.100882400373034
m,C,cbd,2,2014,0.0992657651150743,0.0992657651150743
m,C,cbd,2,2015,0.101151793305745,0.101151793305745
m,C,cbd,2,2016,0.099844120766731,0.099844120766731
m,C,cbd,2,2017,0.10170059321767,0.10170059321767
m,C,cbd,2,2018,0.0986306765494312,0.0986306765494312
m,C,cbd,2,2019,0.0989636462673328,0.0989636462673328
m,C,cbd,2,2020,0.0955987403643362,0.0955987403643362
m,C,cbd,2,2021,0.0958229903850734,0.0958229903850734
m,C,cbd,2,2022,,
m,C,cbd,2,2023,0.094743301314645,0.094743301314645
f,A,lc,1,2003,4.24859471881147,4.20425120752404
f,A,lc,1,2004,3.21671405151109,3.20277973641529
f,A,lc,1,2005,3.34818015228773,3.42551850582384
f,A,lc,1,2006,2.60055566577642,2.64622407584344
f,A,lc,1,2007,3.85844706697035,3.83855023291002
f,A,lc,1,2008,2.21506693315135,2.17289049175863
f,A,lc,1,2009,1.33001518747788,1.42535478739646
f,A,lc,1,2010,-0.05741046690212,-0.0389369251844301
f,A,lc,1,2011,0.430215567779525,0.395778233247987
f,A,lc,1,2012,0.547008244893932,0.466027324682784
f,A,lc,1,2013,-2.29680604343533,-2.2348450318162
f,A,lc,1,2014,-2.02139889199805,-2.05364876054503
f,A,lc,1,2015,-1.30902219816283,-1.32634710418232
f,A,lc,1,2016,-2.85940361327797,-2.890779079918
f,A,lc,1,2017,-3.1235624053113,-3.08808824959336
f,A,lc,1,2018,-5.3539926055455,-5.2663264478662
f,A,lc,1,2019,-4.77320136402664,-4.87840299649695
f,A,cbd,1,2003,-3.22239899166934,-3.22239899166934
f,A,cbd,1,2004,-3.24915788015299,-3.24915788015299
f,A,cbd,1,2005,-3.26200288249435,-3.26200288249435
f,A,cbd,1,2006,-3.27018350407752,-3.27018350407752
f,A,cbd,1,2007,-3.23475905992263,-3.23475905992263
f,A,cbd,1,2008,-3.28736752607854,-3.28736752607854
f,A,cbd,1,2009,-3.31653285359251,-3.31653285359251
f,A,cbd,1,2010,-3.35712278328745,-3.35712278328745
f,A,cbd,1,2011,-3.34394920450132,-3.34394920450132
f,A,cbd,1,2012,-3.35271514925463,-3.35271514925463
f,A,cbd,1,2013,-3.43590180733719,-3.43590180733719
f,A,cbd,1,2014,-3.4243712083769,-3.4243712083769
f,A,cbd,1,2015,-3.39955504819424,-3.39955504819424
f,A,cbd,1,2016,-3.44570525986576,-3.44570525986576
f,A,cbd,1,2017,-3.46095252983413,-3.46095252983413
f,A,cbd,1,2018,-3.52230738990243,-3.52230738990243
f,A,cbd,1,2019,-3.51373683887324,-3.51373683887324
f,A,cbd,2,2003,0.12203971978132,0.12203971978132
f,A,cbd,2,2004,0.1211135727639,0.1211135727639
f,A,cbd,2,2005,0.128187221806146,0.128187221806146
f,A,cbd,2,2006,0.122360903320092,0.122360903320092
f,A,cbd,2,2007,0.124111558815635,0.124111558815635
f,A,cbd,2,2008,0.124826443232588,0.124826443232588
f,A,cbd,2,2009,0.125877274001404,0.125877274001404
f,A,cbd,2,2010,0.124244999021861,0.124244999021861
f,A,cbd,2,2011,0.125291431801497,0.125291431801497
f,A,cbd,2,2012,0.129205183194115,0.129205183194115
f,A,cbd,2,2013,0.126347597795764,0.126347597795764
f,A,cbd,2,2014,0.127408920076563,0.127408920076563
f,A,cbd,2,2015,0.128148674450822,0.128148674450822
f,A,cbd,2,2016,0.126611450552926,0.126611450552926
f,A,cbd,2,2017,0.127230807223595,0.127230807223595
f,A,cbd,2,2018,0.125013553782153,0.125013553782153
f,A,cbd,2,2019,0.127539026410646,0.127539026410646
f,B,lc,1,2003,4.55033852236811,4.50455882647159
f,B,lc,1,2004,3.56648802745208,3.49731648394055
f,B,lc,1,2005,3.73258416271213,3.78926937688666
f,B,lc,1,2006,2.93494232165286,2.96576884458123
f,B,lc,1,2007,4.18923690054389,4.1786010444634
f,B,lc,1,2008,2.55159728495427,2.53151271889942
f,B,lc,1,2009,1.7261122880346,1.81436155947889
f,B,lc,1,2010,0.338197695187798,0.348800646337354
f,B,lc,1,2011,0.809897398571872,0.767128706835758
f,B,lc,1,2012,0.963021384158446,0.853846773971738
f,B,lc,1,2013,-1.86937681402304,-1.79824880267873
f,B,lc,1,2014,-1.53134349054139,-1.55006605491571
f,B,lc,1,2015,-0.831024482296486,-0.803485365166345
f,B,lc,1,2016,-2.35774192411994,-2.34435172985123
f,B,lc,1,2017,-2.62079720451999,-2.5686363099085
f,B,lc,1,2018,-4.84967126895417,-4.74997571130323
f,B,lc,1,2019,-4.17510810526802,-4.29345591357732
f,B,lc,1,2020,,
f,B,lc,1,2021,,
f,B,lc,1,2022,,
f,B,lc,1,2023,-7.12735269591301,-7.14294509446551
f,B,cbd,1,2003,-3.22239899166934,-3.22239899166934
f,B,cbd,1,2004,-3.24915788015299,-3.24915788015299
f,B,cbd,1,2005,-3.26200288249435,-3.26200288249435
f,B,cbd,1,2006,-3.27018350407752,-3.27018350407752
f,B,cbd,1,2007,-3.23475905992263,-3.23475905992263
f,B,cbd,1,2008,-3.28736752607854,-3.28736752607854
f,B,cbd,1,2009,-3.31653285359251,-3.31653285359251
f,B,cbd,1,2010,-3.35712278328745,-3.35712278328745
f,B,cbd,1,2011,-3.34394920450132,-3.34394920450132
f,B,cbd,1,2012,-3.35271514925463,-3.35271514925463
f,B,cbd,1,2013,-3.43590180733719,-3.43590180733719
f,B,cbd,1,2014,-3.4243712083769,-3.4243712083769
f,B,cbd,1,2015,-3.39955504819424,-3.39955504819424
f,B,cbd,1,2016,-3.44570525986576,-3.44570525986576
f,B,cbd,1,2017,-3.45572783042194,-3.45572783042194
f,B,cbd,1,2018,-3.51363611370499,-3.51363611370499
f,B,cbd,1,2019,-3.49187621417356,-3.49187621417356
f,B,cbd,1,2020,,
f,B,cbd,1,2021,,
f,B,cbd,1,2022,,
f,B,cbd,1,2023,-3.60472936232244,-3.60472936232244
f,B,cbd,2,2003,0.12203971978132,0.12203971978132
f,B,cbd,2,2004,0.1211135727639,0.1211135727639
f,B,cbd,2,2005,0.128187221806146,0.128187221806146
f,B,cbd,2,2006,0.122360903320092,0.122360903320092
f,B,cbd,2,2007,0.124111558815635,0.124111558815635
f,B,cbd,2,2008,0.124826443232588,0.124826443232588
f,B,cbd,2,2009,0.125877274001404,0.125877274001404
f,B,cbd,2,2010,0.124244999021861,0.124244999021861
f,B,cbd,2,2011,0.125291431801498,0.125291431801498
f,B,cbd,2,2012,0.129205183194115,0.129205183194115
f,B,cbd,2,2013,0.126347597795764,0.126347597795764
f,B,cbd,2,2014,0.127408920076563,0.127408920076563
f,B,cbd,2,2015,0.128148674450822,0.128148674450822
f,B,cbd,2,2016,0.126611450552926,0.126611450552926
f,B,cbd,2,2017,0.126508006493171,0.126508006493171
f,B,cbd,2,2018,0.123836167836176,0.123836167836176
f,B,cbd,2,2019,0.124662316018316,0.124662316018316
f,B,cbd,2,2020,,
f,B,cbd,2,2021,,
f,B,cbd,2,2022,,
f,B,cbd,2,2023,0.125735934246474,0.125735934246474
f,C,lc,1,2003,4.45833291259973,4.42068308263586
f,C,lc,1,2004,3.41579300881309,3.3586669288084
f,C,lc,1,2005,3.45533975858699,3.4968186911356
f,C,lc,1,2006,2.7679427733195,2.79754094734106
f,C,lc,1,2007,4.07165989298179,4.05492241804807
f,C,lc,1,2008,2.33883880138064,2.33031981336862
f,C,lc,1,2009,1.44605730569065,1.5532031596363
f,C,lc,1,2010,-0.00266128329142625,0.007106781491131
f,C,lc,1,2011,0.479361171985727,0.428574333954471
f,C,lc,1,2012,0.47575155121786,0.374012807333349
f,C,lc,1,2013,-2.44230917135123,-2.36299692676665
f,C,lc,1,2014,-2.0756473294479,-2.07751897374121
f,C,lc,1,2015,-1.3324655239462,-1.30598934572131
f,C,lc,1,2016,-2.91163402905089,-2.90887779328792
f,C,lc,1,2017,-3.23124599864358,-3.18773910743944
f,C,lc,1,2018,-5.47366470121321,-5.41266859048
f,C,lc,1,2019,-4.7549536727949,-4.86177366288183
f,C,lc,1,2020,1.62349297507723,1.64530486357872
f,C,lc,1,2021,5.61408170203657,5.60449960824484
f,C,lc,1,2022,,
f,C,lc,1,2023,-7.92207014395045,-7.95408903525808
f,C,cbd,1,2003,-3.22239899166934,-3.22239899166934
f,C,cbd,1,2004,-3.24915788015299,-3.24915788015299
f,C,cbd,1,2005,-3.26200288249435,-3.26200288249435
f,C,cbd,1,2006,-3.27018350407752,-3.27018350407752
f,C,cbd,1,2007,-3.23475905992263,-3.23475905992263
f,C,cbd,1,2008,-3.28736752607854,-3.28736752607854
f,C,cbd,1,2009,-3.31653285359251,-3.31653285359251
f,C,cbd,1,2010,-3.35712278328745,-3.35712278328745
f,C,cbd,1,2011,-3.34394920450132,-3.34394920450132
f,C,cbd,1,2012,-3.35271514925463,-3.35271514925463
f,C,cbd,1,2013,-3.43590180733719,-3.43590180733719
f,C,cbd,1,2014,-3.4243712083769,-3.4243712083769
f,C,cbd,1,2015,-3.39955504819424,-3.39955504819424
f,C,cbd,1,2016,-3.44570525986576,-3.44570525986576
f,C,cbd,1,2017,-3.45572783042194,-3.45572783042194
f,C,cbd,1,2018,-3.51363611370499,-3.51363611370499
f,C,cbd,1,2019,-3.49187621417356,-3.49187621417356
f,C,cbd,1,2020,-3.28869619578306,-3.28869619578306
f,C,cbd,1,2021,-3.15634534093053,-3.15634534093053
f,C,cbd,1,2022,,
f,C,cbd,1,2023,-3.60472936232244,-3.60472936232244
f,C,cbd,2,2003,0.12203971978132,0.12203971978132
f,C,cbd,2,2004,0.1211135727639,0.1211135727639
f,C,cbd,2,2005,0.128187221806146,0.128187221806146
f,C,cbd,2,2006,0.122360903320093,0.122360903320093
f,C,cbd,2,2007,0.124111558815635,0.124111558815635
f,C,cbd,2,2008,0.124826443232588,0.124826443232588
f,C,cbd,2,2009,0.125877274001404,0.125877274001404
f,C,cbd,2,2010,0.124244999021861,0.124244999021861
f,C,cbd,2,2011,0.125291431801497,0.125291431801497
f,C,cbd,2,2012,0.129205183194115,0.129205183194115
f,C,cbd,2,2013,0.126347597795764,0.126347597795764
f,C,cbd,2,2014,0.127408920076563,0.127408920076563
f,C,cbd,2,2015,0.128148674450822,0.128148674450822
f,C,cbd,2,2016,0.126611450552926,0.126611450552926
f,C,cbd,2,2017,0.126508006493171,0.126508006493171
f,C,cbd,2,2018,0.123836167836176,0.123836167836176
f,C,cbd,2,2019,0.124662316018316,0.124662316018316
f,C,cbd,2,2020,0.118431282976124,0.118431282976124
f,C,cbd,2,2021,0.113583052102787,0.113583052102787
f,C,cbd,2,2022,,
f,C,cbd,2,2023,0.125735934246474,0.125735934246474
