sex,model,variant,loglik_native,npar,nobs,bic_native,loglik_pois,bic_common,drift,drift_se,sigma,gc_absmax,plausibility,rmse_logm_55_89,rmse_logm_60_89,e65_err_2019
f,apc,A,-2336.96969801977,94,583,5272.54899155648,-2336.96969801977,5272.54899155648,-0.0163807627399822,0.00896848107818341,0.0370359285791886,0.0950545954572269,"gamma_c: опсег [-0.095, 0.068], |max|=0.095",0.0882229872408586,0.0835712720308304,0.0908155596734801
f,cbd,A,-2530.26252174061,34,583,5277.04340781713,-2536.92843310869,5290.37523055329,-0.0182086154501342,0.00797929475750229,0.032958013177101,,"kappa2_t: min=0.1211, сите позитивни=TRUE",0.15117059044928,0.10208658903106,-0.173371184123962
f,lc,A,-2363.47648852881,85,583,5268.24888789742,-2363.47648852881,5268.24888789742,-0.567665887751312,0.271246529449738,1.12056531023004,,"beta_x: min=0.0135, 0/35 негативни, грубост=0.4363",0.121944731822753,0.106183515620392,-0.09897110539832
f,rh,A,-2318.23624686629,128,583,5451.60045358545,-2318.23624686629,5451.60045358545,-0.59465657913466,0.278199346647362,1.14928885638579,0.182871432935186,"beta_x: min=0.0050, 0/35 негативни, грубост=0.4284; gamma_c: опсег [-0.183, 0.104], |max|=0.183",0.135088717228043,0.111607053075273,0.243235583563475
f,apc,B,-2486.22965155761,99,621,5609.16108022664,-2486.22965155761,5609.16108022664,-0.0170574959132089,0.00787525214437582,0.0362857696635882,0.123313393715382,"gamma_c: опсег [-0.105, 0.123], |max|=0.123",0.0882229872408586,0.0835712720308304,0.0908155596734801
f,cbd,B,-2716.4120671466,36,621,5664.3520532428,-2724.168497239,5679.8649134276,-0.0191165261218528,0.00714148748408287,0.032911251042842,,"kappa2_t: min=0.1211, сите позитивни=TRUE",0.15117059044928,0.10208658903106,-0.173371184123962
f,lc,B,-2518.61895496294,86,621,5590.33238297216,-2518.61895496294,5590.33238297216,-0.582375204209056,0.236998093875983,1.09250286754299,,"beta_x: min=0.0130, 0/35 негативни, грубост=0.4441",0.121944731822753,0.106183515620392,-0.09897110539832
f,rh,B,-2458.33145114455,131,618,5758.53289021606,-2458.33145114455,5758.53289021606,-0.569174214498164,0.242685939573253,1.11872268262048,0.174546640314641,"beta_x: min=0.0053, 0/35 негативни, грубост=0.4015; gamma_c: опсег [-0.175, 0.103], |max|=0.175",0.135088717228043,0.111607053075273,0.243235583563475
f,apc,C,-2825.23704726975,101,690,6310.67994589622,-2825.23704726975,6310.67994589622,-0.015589787146027,0.018639146500248,0.085634344738927,0.127815563796402,"gamma_c: опсег [-0.107, 0.128], |max|=0.128",0.0882229872408586,0.0835712720308304,0.0908155596734801
f,cbd,C,-3034.80587293047,40,690,6331.0794097646,-3044.42522660107,6350.3181171058,-0.0191130392162288,0.0213664576872806,0.0981691943927831,,"kappa2_t: min=0.1136, сите позитивни=TRUE",0.15117059044928,0.10208658903106,-0.173371184123962
f,lc,C,-2868.05448807574,88,690,6311.33783673952,-2868.05448807574,6311.33783673952,-0.618683189178631,0.664343194073005,3.05244141435075,,"beta_x: min=0.0102, 0/35 негативни, грубост=0.3946",0.121944731822753,0.106183515620392,-0.09897110539832
f,rh,C,-2764.29677886707,135,690,6411.04692340897,-2764.29677886707,6411.04692340897,-0.593851977007776,0.729747670598026,3.35295397869502,0.137068499520657,"beta_x: min=0.0080, 0/35 негативни, грубост=0.3735; gamma_c: опсег [-0.111, 0.137], |max|=0.137",0.135088717228043,0.111607053075273,0.243235583563475
m,apc,A,-2376.08280948353,94,583,5350.77521448401,-2376.08280948353,5350.77521448401,-0.0159105438547888,0.00663350959306066,0.0273846982901437,0.083764427007121,"gamma_c: опсег [-0.084, 0.069], |max|=0.084",0.080595695759014,0.0789584474870939,0.0871395903084125
m,cbd,A,-2590.69410017238,34,583,5397.90656468068,-2600.82481816931,5418.16800067454,-0.016734453184828,0.00655290127114288,0.0270615169097308,,"kappa2_t: min=0.0989, сите позитивни=TRUE",0.100646909618829,0.0951951151665945,0.0352536152397729
m,lc,A,-2396.29301358725,85,583,5333.88193801429,-2396.29301358725,5333.88193801429,-0.562522985149579,0.22383528825099,0.924701506444029,,"beta_x: min=0.0138, 0/35 негативни, грубост=0.3518",0.102220178012447,0.0844962282334051,0.191098095262216
m,rh,A,-2353.7516970004,128,583,5522.63135385366,-2353.7516970004,5522.63135385366,-0.599962741410935,0.209821348113417,0.866808019415795,0.248923804552953,"beta_x: min=-0.0014, 1/35 негативни, грубост=0.3242; gamma_c: опсег [-0.249, 0.119], |max|=0.249",0.110540270269004,0.112360260542995,0.879687721718618
m,apc,B,-2535.25252476872,99,621,5707.20682664886,-2535.25252476872,5707.20682664886,-0.0133953747292125,0.00582435259685786,0.0268255619017585,0.104916558834763,"gamma_c: опсег [-0.093, 0.105], |max|=0.105",0.080595695759014,0.0789584474870939,0.0871395903084125
m,cbd,B,-2762.76389303723,36,621,5757.05570502406,-2774.06095301256,5779.64982497472,-0.0140860031817913,0.00581407826756802,0.0267877092370107,,"kappa2_t: min=0.0947, сите позитивни=TRUE",0.100646909618829,0.0951951151665945,0.0352536152397729
m,lc,B,-2561.38448587237,86,621,5675.86344479102,-2561.38448587237,5675.86344479102,-0.495656894012131,0.19891245183546,0.916937520262077,,"beta_x: min=0.0159, 0/35 негативни, грубост=0.3224",0.102220178012447,0.0844962282334051,0.191098095262216
m,rh,B,-2499.64396017285,131,618,5841.15790827265,-2499.64396017285,5841.15790827265,-0.516759431620145,0.207828319517516,0.958037753951553,0.162320084079892,"beta_x: min=0.0102, 0/35 негативни, грубост=0.3349; gamma_c: опсег [-0.162, 0.081], |max|=0.162",0.110540270269004,0.112360260542995,0.879687721718618
m,apc,C,-2844.61603514441,101,690,6349.43792164555,-2844.61603514441,6349.43792164555,-0.0134468898861825,0.0211738999640589,0.0972814673406543,0.0880097915025687,"gamma_c: опсег [-0.079, 0.088], |max|=0.088",0.080595695759014,0.0789584474870939,0.0871395903084125
m,cbd,C,-3082.20895233336,40,690,6425.88556857038,-3096.04105583458,6453.54977557281,-0.0140857357256352,0.0220059637015284,0.101106992770034,,"kappa2_t: min=0.0947, сите позитивни=TRUE",0.100646909618829,0.0951951151665945,0.0352536152397729
m,lc,C,-2912.38931661504,88,690,6400.00749381812,-2912.38931661504,6400.00749381812,-0.488609039275465,0.725492284667931,3.33340069198964,,"beta_x: min=0.0173, 0/35 негативни, грубост=0.2507",0.102220178012447,0.0844962282334051,0.191098095262216
m,rh,C,-2821.61672839109,135,690,6525.68682245701,-2821.61672839109,6525.68682245701,-0.480743818569815,0.748430599477647,3.43879493368802,0.0971429017693899,"beta_x: min=0.0161, 0/35 негативни, грубост=0.2556; gamma_c: опсег [-0.088, 0.097], |max|=0.097",0.110540270269004,0.112360260542995,0.879687721718618
