sex,par,x,value
m,alpha[x],55,-4.57751266828845
m,alpha[x],56,-4.54179455948839
m,alpha[x],57,-4.42040402603131
m,alpha[x],58,-4.34517621644001
m,alpha[x],59,-4.23288465122509
m,alpha[x],60,-4.15537251522776
m,alpha[x],61,-4.08682949396257
m,alpha[x],62,-3.97899351451887
m,alpha[x],63,-3.91101314683601
m,alpha[x],64,-3.81853798629577
m,alpha[x],65,-3.70968010984916
m,alpha[x],66,-3.64443863483168
m,alpha[x],67,-3.58351959491056
m,alpha[x],68,-3.45670867115099
m,alpha[x],69,-3.38974854222115
m,alpha[x],70,-3.30678423158402
m,alpha[x],71,-3.2203851071759
m,alpha[x],72,-3.11523916583101
m,alpha[x],73,-3.01121595108645
m,alpha[x],74,-2.93553711227499
m,alpha[x],75,-2.81422523867556
m,alpha[x],76,-2.73247305551022
m,alpha[x],77,-2.62441867127902
m,alpha[x],78,-2.51008002948625
m,alpha[x],79,-2.39779466046386
m,alpha[x],80,-2.29576859928801
m,alpha[x],81,-2.18042955914383
m,alpha[x],82,-2.05115003996822
m,alpha[x],83,-1.95394607800523
m,alpha[x],84,-1.87907189169048
m,alpha[x],85,-1.75718603909715
m,alpha[x],86,-1.61542353978718
m,alpha[x],87,-1.51286437432
m,alpha[x],88,-1.42709983264267
m,alpha[x],89,-1.28566065484465
m,beta[x],55,0.0373749579772922
m,beta[x],56,0.0263774363465481
m,beta[x],57,0.0274825992991127
m,beta[x],58,0.0211306142430401
m,beta[x],59,0.0238448065858965
m,beta[x],60,0.0163659540987848
m,beta[x],61,0.0152948115274243
m,beta[x],62,0.0158406010001168
m,beta[x],63,0.0143525555294488
m,beta[x],64,0.013691418108481
m,beta[x],65,0.010387960498583
m,beta[x],66,0.0171625356881922
m,beta[x],67,0.0208654206898226
m,beta[x],68,0.0171544523389823
m,beta[x],69,0.0102277331070602
m,beta[x],70,0.0277104246560595
m,beta[x],71,0.0208898435351879
m,beta[x],72,0.0240645480153431
m,beta[x],73,0.02880179335381
m,beta[x],74,0.021604252679619
m,beta[x],75,0.0304174637639222
m,beta[x],76,0.0262847994934203
m,beta[x],77,0.0325744626124678
m,beta[x],78,0.0368336396440949
m,beta[x],79,0.0398435465220615
m,beta[x],80,0.0358027655982943
m,beta[x],81,0.0360038879761408
m,beta[x],82,0.0316969407027784
m,beta[x],83,0.0435441973449315
m,beta[x],84,0.0302472033442335
m,beta[x],85,0.0374224823587029
m,beta[x],86,0.0438005426905221
m,beta[x],87,0.0614977780068172
m,beta[x],88,0.0521531889488704
m,beta[x],89,0.0507032117140148
m,kappa[t],2003,5.16901719842316
m,kappa[t],2004,4.29524075522697
m,kappa[t],2005,3.98098502904845
m,kappa[t],2006,3.43056547847326
m,kappa[t],2007,4.12430612243988
m,kappa[t],2008,1.77077514507397
m,kappa[t],2009,0.606620906617382
m,kappa[t],2010,0.761211049898497
m,kappa[t],2011,-0.0132441200522213
m,kappa[t],2012,0.803487374186666
m,kappa[t],2013,-1.52824734962894
m,kappa[t],2014,-2.37517643078244
m,kappa[t],2015,-1.80492037079365
m,kappa[t],2016,-2.14925073997747
m,kappa[t],2017,-2.97326606492907
m,kappa[t],2018,-4.60533251755203
m,kappa[t],2019,-4.32660521783369
m,kappa[t],2020,
m,kappa[t],2021,
m,kappa[t],2022,
m,kappa[t],2023,-5.16616624783874
m,gamma[c],1917,-0.162320084079892
m,gamma[c],1918,-0.110446072634143
m,gamma[c],1919,-0.130581101240712
m,gamma[c],1920,0.00522209986539145
m,gamma[c],1921,-0.0913098192377321
m,gamma[c],1922,0.0163666885468295
m,gamma[c],1923,0.0200283794037432
m,gamma[c],1924,-0.00657220585274839
m,gamma[c],1925,-0.00510179241879767
m,gamma[c],1926,0.00252077344960021
m,gamma[c],1927,0.0357676393431574
m,gamma[c],1928,0.0502975795064197
m,gamma[c],1929,0.0633890338542669
m,gamma[c],1930,0.0690721568938349
m,gamma[c],1931,0.0814056748995201
m,gamma[c],1932,0.0765608933667736
m,gamma[c],1933,0.0559770641460299
m,gamma[c],1934,0.07947496772415
m,gamma[c],1935,0.0567264457688698
m,gamma[c],1936,0.0324793323110214
m,gamma[c],1937,0.0291991300138621
m,gamma[c],1938,0.0630518617575159
m,gamma[c],1939,0.039550689349509
m,gamma[c],1940,0.0584444607480715
m,gamma[c],1941,0.00588462340778699
m,gamma[c],1942,0.0077247070885298
m,gamma[c],1943,-0.00463359286216682
m,gamma[c],1944,0.00887005377081258
m,gamma[c],1945,-0.00486559613458938
m,gamma[c],1946,-0.0332205578181627
m,gamma[c],1947,-0.0246351768003289
m,gamma[c],1948,0.0267959418093704
m,gamma[c],1949,-0.0865097275779299
m,gamma[c],1950,-0.046705306816656
m,gamma[c],1951,-0.0168221360959645
m,gamma[c],1952,-0.00604224143448774
m,gamma[c],1953,-0.00914237817480302
m,gamma[c],1954,0.00793634038334911
m,gamma[c],1955,-0.0108892236550878
m,gamma[c],1956,-0.0449315399710651
m,gamma[c],1957,0.0147676024525489
m,gamma[c],1958,-0.0292758605697567
m,gamma[c],1959,-0.0235455873134471
m,gamma[c],1960,0.0213505713554874
m,gamma[c],1961,0.0262190586144661
m,gamma[c],1962,-0.0409884626017442
m,gamma[c],1963,-0.0665453065407029
f,alpha[x],55,-5.2880087120267
f,alpha[x],56,-5.12464911327187
f,alpha[x],57,-5.05492290180941
f,alpha[x],58,-4.99074673779198
f,alpha[x],59,-4.85731182575205
f,alpha[x],60,-4.77041474095669
f,alpha[x],61,-4.71318690947279
f,alpha[x],62,-4.5954096317423
f,alpha[x],63,-4.51228563420628
f,alpha[x],64,-4.38201231006023
f,alpha[x],65,-4.24820569709651
f,alpha[x],66,-4.19724951561205
f,alpha[x],67,-4.05545787591012
f,alpha[x],68,-3.95541123340611
f,alpha[x],69,-3.83895035598351
f,alpha[x],70,-3.73509584638809
f,alpha[x],71,-3.60584777235463
f,alpha[x],72,-3.51783837598956
f,alpha[x],73,-3.37558419922454
f,alpha[x],74,-3.25957274165832
f,alpha[x],75,-3.11917687262658
f,alpha[x],76,-2.99803981742052
f,alpha[x],77,-2.84579483887919
f,alpha[x],78,-2.71915829679459
f,alpha[x],79,-2.58043372276245
f,alpha[x],80,-2.43033551591845
f,alpha[x],81,-2.32542731531216
f,alpha[x],82,-2.18930677714937
f,alpha[x],83,-2.07787620416241
f,alpha[x],84,-1.95408211614956
f,alpha[x],85,-1.82286141810454
f,alpha[x],86,-1.68584642487258
f,alpha[x],87,-1.53064790544688
f,alpha[x],88,-1.44097815624805
f,alpha[x],89,-1.34847452276161
f,beta[x],55,0.0198303597279448
f,beta[x],56,0.0188282753281394
f,beta[x],57,0.0168872790481355
f,beta[x],58,0.0170865800476601
f,beta[x],59,0.0314050908639284
f,beta[x],60,0.0113418730255319
f,beta[x],61,0.0156654862187628
f,beta[x],62,0.0111258825631521
f,beta[x],63,0.0103806050806202
f,beta[x],64,0.025823520576447
f,beta[x],65,0.00533204065240091
f,beta[x],66,0.0156431723656988
f,beta[x],67,0.0165247903804323
f,beta[x],68,0.0176530590810585
f,beta[x],69,0.0326274321623393
f,beta[x],70,0.0294228067158902
f,beta[x],71,0.0287345208549231
f,beta[x],72,0.0324544332643537
f,beta[x],73,0.0274417000803509
f,beta[x],74,0.02826490457043
f,beta[x],75,0.0274529519374335
f,beta[x],76,0.034594943453909
f,beta[x],77,0.030008260689373
f,beta[x],78,0.0330460657323701
f,beta[x],79,0.0414712350116979
f,beta[x],80,0.0396469379779171
f,beta[x],81,0.0350844310329734
f,beta[x],82,0.036738206258164
f,beta[x],83,0.0379000093131114
f,beta[x],84,0.0371547213005936
f,beta[x],85,0.0446570423512542
f,beta[x],86,0.0382466042000053
f,beta[x],87,0.0531425799355484
f,beta[x],88,0.0437380732784722
f,beta[x],89,0.0543133617032729
f,kappa[t],2003,5.39483048620794
f,kappa[t],2004,4.09020517941939
f,kappa[t],2005,4.37854840238227
f,kappa[t],2006,3.01962845951083
f,kappa[t],2007,3.86006232648268
f,kappa[t],2008,2.2883719006063
f,kappa[t],2009,1.47745163742663
f,kappa[t],2010,-0.116784943183146
f,kappa[t],2011,0.202290318305065
f,kappa[t],2012,0.54124919467356
f,kappa[t],2013,-2.23576793944711
f,kappa[t],2014,-1.95117270322755
f,kappa[t],2015,-1.04189379602323
f,kappa[t],2016,-2.64645058092619
f,kappa[t],2017,-2.70213666237767
f,kappa[t],2018,-4.60870607172339
f,kappa[t],2019,-3.96107117875689
f,kappa[t],2020,
f,kappa[t],2021,
f,kappa[t],2022,
f,kappa[t],2023,-5.98865402934951
f,gamma[c],1917,-0.171446910935958
f,gamma[c],1918,-0.174546640314641
f,gamma[c],1919,-0.164743179688222
f,gamma[c],1920,-0.0349359226061144
f,gamma[c],1921,-0.104624818009426
f,gamma[c],1922,-0.00710095600585006
f,gamma[c],1923,-0.0568443968353968
f,gamma[c],1924,0.0146552881915371
f,gamma[c],1925,0.000418574965049007
f,gamma[c],1926,0.0447561588589536
f,gamma[c],1927,0.0797207138602692
f,gamma[c],1928,0.0473158162015817
f,gamma[c],1929,0.0872030870197172
f,gamma[c],1930,0.0595294775225473
f,gamma[c],1931,0.0755802144235564
f,gamma[c],1932,0.0795279857116183
f,gamma[c],1933,0.0919733663046259
f,gamma[c],1934,0.103006953667766
f,gamma[c],1935,0.071171634205589
f,gamma[c],1936,0.0660247416332882
f,gamma[c],1937,0.0773469625780062
f,gamma[c],1938,0.0763861758855246
f,gamma[c],1939,0.0715548229762548
f,gamma[c],1940,0.0848734569236686
f,gamma[c],1941,0.0473330652495845
f,gamma[c],1942,0.0661771657483862
f,gamma[c],1943,-0.000393231502342948
f,gamma[c],1944,0.0359185506488528
f,gamma[c],1945,0.0126678911408998
f,gamma[c],1946,-0.0290747963482406
f,gamma[c],1947,-0.0700877316558893
f,gamma[c],1948,-0.0282466034443125
f,gamma[c],1949,-0.031963169547164
f,gamma[c],1950,-0.035479267275351
f,gamma[c],1951,0.0015159176106098
f,gamma[c],1952,-0.0634668975850872
f,gamma[c],1953,-0.0183566717473012
f,gamma[c],1954,-0.066460749063331
f,gamma[c],1955,-0.0237326970095217
f,gamma[c],1956,-0.00715418802174381
f,gamma[c],1957,-0.0299825879924457
f,gamma[c],1958,-0.0835088794589945
f,gamma[c],1959,-0.0271142874644022
f,gamma[c],1960,-0.064713776398033
f,gamma[c],1961,-0.0310239999379339
f,gamma[c],1962,0.0346672147841777
f,gamma[c],1963,-0.00432287726436198
