geo,window,sex,mode,year,actual,central,p025,p250,p750,p975
bg,w1,m,rwd,2004,13.25741504838128,12.788356084605226,12.494131348047516,12.695188780373698,12.902630001000244,13.127272041086915
bg,w1,m,rwd,2005,13.077818669488407,12.78667410127926,12.395221251074743,12.65736698010179,12.942859890416605,13.305485133934628
bg,w1,m,rwd,2006,13.18354788872934,12.784992797209034,12.30636229727055,12.6149702425299,12.985074229233527,13.424470231040823
bg,w1,m,rwd,2007,13.280338827683789,12.783312168624756,12.224850185498925,12.586790440630526,13.023934018622452,13.522774638722215
bg,w1,m,rwd,2008,13.571774765335727,12.781632211780167,12.13647459658855,12.562585764866167,13.05366273905188,13.635875907552991
bg,w1,m,rwd,2009,13.83835893875905,12.779952922952377,12.077191885133017,12.531560397958083,13.087123032172245,13.730002818010789
bg,w1,m,rwd,2010,13.763849707211213,12.77827429844171,12.02289877135106,12.508373142272722,13.129603514435267,13.847837410634357
bg,w1,m,rwd,2011,13.888083438235983,12.776596334571538,11.95712433631134,12.478235072505846,13.1619389403938,13.946278541647633
bg,w1,m,rwd,2012,13.904889062810959,12.774919027688124,11.892886479206535,12.446993963662097,13.193441881194438,14.057082960460292
bg,w1,m,rwd,2013,14.168332793338633,12.773242374160473,11.843796844106949,12.420952534474456,13.226126518246474,14.207121531775364
bg,w1,m,rwd,2014,14.021378972209156,12.771566370380164,11.786855363067508,12.399395942652781,13.26546881275222,14.339019944304884
bg,w1,m,rwd,2015,13.953973487594794,12.769891012761212,11.746103674310193,12.378121236388466,13.297104289301101,14.453419843912206
bg,w1,m,rwd,2016,14.139239326685795,12.768216297739897,11.693646729923913,12.363211399060726,13.324688934998624,14.55932656193737
bg,w1,m,rwd,2017,14.00996273175893,12.766542221774639,11.642355916936566,12.339438465365355,13.34641620149735,14.689443199125263
bg,w1,m,rwd,2018,14.075118430880673,12.764868781345822,11.593449841168004,12.314976837077802,13.366513811376905,14.792489202183756
bg,w1,m,rwd,2019,14.122845848894377,12.763195972955655,11.55504740136533,12.2967333383205,13.401670135487272,14.923450991861285
bg,w1,m,rwd,2020,12.827881536958522,12.761523793128024,11.5158852127486,12.273837113818868,13.436010196161416,15.129744634149903
bg,w1,m,rwd,2021,11.64447319363944,12.759852238408358,11.453373011536728,12.248124552526502,13.45923307879476,15.23250299494014
bg,w1,m,rwd,2022,13.255540221860677,12.758181305363474,11.419920661546412,12.235414495408328,13.476886787521346,15.384354344561395
bg,w1,m,rwd,2023,14.530919340085598,12.756510990581418,11.377135200164807,12.217816688733123,13.50621813689567,15.557994143281332
bg,w1,m,ts,2004,13.25741504838128,12.74086027352397,12.48565471084591,12.657171571786106,12.841056165459708,13.025755601980807
bg,w1,m,ts,2005,13.077818669488407,12.714950839588552,12.39986567179459,12.603569386162311,12.828720751236931,13.077981644223867
bg,w1,m,ts,2006,13.18354788872934,12.700530584820578,12.36567443798388,12.586020222772007,12.825719073754875,13.09375988212012
bg,w1,m,ts,2007,13.280338827683789,12.6918200085359,12.344491286722118,12.568819883725496,12.820618831413597,13.09434882786648
bg,w1,m,ts,2008,13.571774765335727,12.68595522270437,12.331001157693352,12.559246898165437,12.81863101473224,13.097100586633038
bg,w1,m,ts,2009,13.83835893875905,12.68151105358657,12.300546890813465,12.55160674525211,12.821001961664003,13.117590942008132
bg,w1,m,ts,2010,13.763849707211213,12.677776893482596,12.300576542780213,12.543121404167064,12.822744267262523,13.141899057411445
bg,w1,m,ts,2011,13.888083438235983,12.67439809079432,12.280139417602987,12.53628769263677,12.822372475339776,13.13318026414637
bg,w1,m,ts,2012,13.904889062810959,12.671197560741655,12.263096375282135,12.52926911294968,12.822139539085155,13.146083591918877
bg,w1,m,ts,2013,14.168332793338633,12.668086857507186,12.248488817585423,12.517801846600705,12.826651172350198,13.176912365338554
bg,w1,m,ts,2014,14.021378972209156,12.665021797643313,12.245033279808217,12.511869323247844,12.827994881751794,13.182817968558998
bg,w1,m,ts,2015,13.953973487594794,12.661980304144787,12.23208291489293,12.503868446127312,12.828796926853723,13.173050812880563
bg,w1,m,ts,2016,14.139239326685795,12.65895134186068,12.214035426721761,12.4973073093901,12.832688541170324,13.202472929616803
bg,w1,m,ts,2017,14.00996273175893,12.655929391178784,12.202585942144644,12.49248880979995,12.830126155367555,13.211729145656578
bg,w1,m,ts,2018,14.075118430880673,12.652911687673292,12.184322885975245,12.485178175796227,12.829621885914886,13.22661816388476
bg,w1,m,ts,2019,14.122845848894377,12.649896843281589,12.165661893458878,12.473302145104796,12.827622430222807,13.23469459394077
bg,w1,m,ts,2020,12.827881536958522,12.64688415755436,12.150839043824586,12.464698125707862,12.833569596852312,13.26746047753541
bg,w1,m,ts,2021,11.64447319363944,12.643873273606658,12.138051843822867,12.461136729144592,12.833994757290727,13.27713828816584
bg,w1,m,ts,2022,13.255540221860677,12.640864006254304,12.13711416480173,12.452776068844093,12.836639496706205,13.292046964938814
bg,w1,m,ts,2023,14.530919340085598,12.637856256161518,12.121496663697071,12.451301070805204,12.833046508569424,13.294780999432403
bg,w1,f,rwd,2004,16.251033059146252,15.437490215781603,15.085317802343578,15.33454437065973,15.60170176514808,15.879007836730754
bg,w1,f,rwd,2005,16.131691776839734,15.447616222381901,14.92714659915197,15.276173881900442,15.66931366206091,16.10186706125039
bg,w1,f,rwd,2006,16.25146022313226,15.457743128368927,14.80915430088826,15.244894907902584,15.736174992192304,16.25807487303543
bg,w1,f,rwd,2007,16.38648466556904,15.467871000091359,14.706031579795269,15.20788889974773,15.781191794224014,16.40914180563372
bg,w1,f,rwd,2008,16.654490977992047,15.477999905685987,14.603410836606903,15.174517021295387,15.827887946273348,16.54983598376454
bg,w1,f,rwd,2009,16.934387429940614,15.488129915105915,14.53412753322017,15.15762417068998,15.87720386041722,16.71971032792874
bg,w1,f,rwd,2010,16.970035211261315,15.498261100149248,14.446747622019904,15.123590571426417,15.934531194222878,16.86224245391799
bg,w1,f,rwd,2011,17.21469983554875,15.508393534488562,14.337245128314393,15.102913151072762,15.982453592770927,16.9775356268529
bg,w1,f,rwd,2012,17.146226961831875,15.518527293700936,14.2711801130413,15.077319190507248,16.03052504516472,17.12390364619486
bg,w1,f,rwd,2013,17.704401223153653,15.528662455298697,14.158797055683467,15.053996901776861,16.076950793001693,17.276592629690718
bg,w1,f,rwd,2014,17.50550718941427,15.538841706569098,14.102313610302458,15.005695059481015,16.150494380518584,17.377054990961327
bg,w1,f,rwd,2015,17.49860090465109,15.549113782640969,14.05119191343527,14.9857725512218,16.188041043177023,17.490825496873917
bg,w1,f,rwd,2016,17.800051563482796,15.559392298359878,13.966150165578403,14.966714528654101,16.261378372908556,17.672730414670706
bg,w1,f,rwd,2017,17.660441953526764,15.569896395689256,13.894156452778422,14.948825827040116,16.303066026546077,17.744856218129186
bg,w1,f,rwd,2018,17.86364902935898,15.580927045354997,13.809931225366382,14.91984456450372,16.366606625456615,17.92163214617827
bg,w1,f,rwd,2019,17.924504706232415,15.591979934177582,13.77142940398308,14.897142720948732,16.401200556070343,18.004153092978896
bg,w1,f,rwd,2020,17.05061988984186,15.60305527757913,13.697468288999218,14.866792773279325,16.469904442364943,18.16247242140848
bg,w1,f,rwd,2021,15.59460770892352,15.61415329408716,13.633290357222934,14.855720701398502,16.518831251271962,18.23938875939987
bg,w1,f,rwd,2022,17.410255152120023,15.625274205388715,13.60414294748782,14.850322316437484,16.58964478142256,18.42812396554878
bg,w1,f,rwd,2023,18.641976970663073,15.636418236385616,13.530130757015518,14.827196873482492,16.62165009289081,18.585779972780607
bg,w1,f,ts,2004,16.251033059146252,15.37784698880866,15.042899836784226,15.274625432533291,15.509671835939331,15.748236176477011
bg,w1,f,ts,2005,16.131691776839734,15.359526827806322,14.960343858671264,15.222613016307125,15.510142517686281,15.80326862919257
bg,w1,f,ts,2006,16.25146022313226,15.355326392112111,14.917784913058952,15.205921622584608,15.520461732513995,15.811451409812694
bg,w1,f,ts,2007,16.38648466556904,15.357516734161331,14.90143946718178,15.197493588712,15.523372903778395,15.824286269788045
bg,w1,f,ts,2008,16.654490977992047,15.362599819579096,14.878448964451566,15.197759739053469,15.525776599046107,15.854741494438601
bg,w1,f,ts,2009,16.934387429940614,15.368992371129316,14.868705807653715,15.19276117381923,15.540674385372732,15.891257323169395
bg,w1,f,ts,2010,16.970035211261315,15.375977756785868,14.858871494683369,15.191613327392123,15.546548557739357,15.908896159197967
bg,w1,f,ts,2011,17.21469983554875,15.383231613692352,14.864494183210326,15.199193999523072,15.560444691224074,15.933026557450203
bg,w1,f,ts,2012,17.146226961831875,15.39060713439402,14.848747035700763,15.195957824422301,15.58471309151875,15.966848224485814
bg,w1,f,ts,2013,17.704401223153653,15.398037880342413,14.839224751756204,15.19895979155983,15.589304439396418,15.9709023701019
bg,w1,f,ts,2014,17.50550718941427,15.405493791628547,14.84588877643636,15.208401106236517,15.607570208898263,16.00249331864535
bg,w1,f,ts,2015,17.49860090465109,15.412961275199415,14.84494813015582,15.207169890465792,15.616454723420562,16.028416449348548
bg,w1,f,ts,2016,17.800051563482796,15.420434191933131,14.82527884405115,15.20653645812121,15.627262866354355,16.073119206632917
bg,w1,f,ts,2017,17.660441953526764,15.427909776989601,14.811359952575112,15.210345947871327,15.642561008313352,16.09605187922833
bg,w1,f,ts,2018,17.86364902935898,15.435419988998053,14.811966178253945,15.208224540967331,15.658493875967926,16.11856187131604
bg,w1,f,ts,2019,17.924504706232415,15.44293256704025,14.79107358534499,15.211223671307968,15.673013941725591,16.174767448130492
bg,w1,f,ts,2020,17.05061988984186,15.450445838601444,14.789912707985858,15.209884414581913,15.685314477814885,16.204312267995693
bg,w1,f,ts,2021,15.59460770892352,15.457959712681413,14.769166543766982,15.216282131103263,15.692952742742532,16.210639494676293
bg,w1,f,ts,2022,17.410255152120023,15.465474163223575,14.768235925486902,15.218753721041923,15.713224922585443,16.263388629490112
bg,w1,f,ts,2023,18.641976970663073,15.472989193868182,14.763299093545498,15.222504040329438,15.73287469590501,16.26704809470506
ee,w1,m,rwd,2004,13.112707300455723,12.674408887652898,12.283373471926371,12.538258494378294,12.808246978886688,13.068353319744958
ee,w1,m,rwd,2005,13.418498736412683,12.69074502184055,12.125692538229833,12.510687305495482,12.882738269240551,13.241866647853135
ee,w1,m,rwd,2006,13.406296607547615,12.70706300555941,12.005599796745406,12.473715016736023,12.943675444293437,13.3929568604221
ee,w1,m,rwd,2007,13.364375307205318,12.723362808981184,11.911605974465452,12.440055263902249,12.997933461460418,13.525768978881363
ee,w1,m,rwd,2008,13.666073312258684,12.739644402551301,11.815549207371246,12.416447058167838,13.04876407857508,13.63794222283728
ee,w1,m,rwd,2009,14.112749630116452,12.755907756988158,11.71256368630497,12.405075144514857,13.082219448293731,13.781918522716417
ee,w1,m,rwd,2010,14.271982376065385,12.772152843282342,11.62928808726105,12.388672443223673,13.14350956155866,13.878000227957257
ee,w1,m,rwd,2011,14.742175596957951,12.788379632695838,11.532542983527238,12.387190704817904,13.186568707084323,13.990088086179453
ee,w1,m,rwd,2012,14.742344365203763,12.804588096761297,11.439124425940742,12.354963569006419,13.24469328660468,14.090369562942097
ee,w1,m,rwd,2013,15.067043896648755,12.820778207281228,11.35379717246529,12.34795295278659,13.2965280131066,14.184122349993947
ee,w1,m,rwd,2014,15.31774890525793,12.836949936327207,11.273246183699703,12.335224223811684,13.332099311954998,14.26593245767012
ee,w1,m,rwd,2015,15.397969060263259,12.85310325623913,11.176885433995608,12.312324802121875,13.379326519651247,14.411259070385446
ee,w1,m,rwd,2016,15.55181331794331,12.869238139624409,11.11834513535406,12.31439208338341,13.42629232622555,14.513789781063572
ee,w1,m,rwd,2017,15.521635134467681,12.885354559357218,11.041691177256372,12.302585697924997,13.484545132008467,14.574464950489519
ee,w1,m,rwd,2018,15.829102416826007,12.901452488577663,10.952949868628753,12.291750995968162,13.525246464910222,14.671647792867182
ee,w1,m,rwd,2019,15.919031178732256,12.917531900691026,10.864937142399476,12.274904126756335,13.579022494869307,14.754505382253518
ee,w1,m,rwd,2020,16.049264469618983,12.93359276936697,10.796746040929309,12.260547399039268,13.600014124360422,14.816664867591449
ee,w1,m,rwd,2021,14.60751659776414,12.949635068538763,10.688474135307702,12.245798362538864,13.657181394823025,14.947544341155542
ee,w1,m,rwd,2022,15.298771624660585,12.965658772402447,10.648289488253122,12.22870876331575,13.685873265139865,15.01964552740041
ee,w1,m,rwd,2023,16.087014081347895,12.981663855416109,10.576125374447232,12.204299381383944,13.731810522677204,15.106656859736992
ee,w1,m,ts,2004,13.112707300455723,12.590946197850634,12.188490091361055,12.453597690494831,12.724235326303278,12.98773973282722
ee,w1,m,ts,2005,13.418498736412683,12.537480665927816,11.998818038036735,12.357808226237742,12.716523905289188,13.05639773700391
ee,w1,m,ts,2006,13.406296607547615,12.49495707775218,11.838657010718741,12.28050490669351,12.71570183848299,13.117587553367324
ee,w1,m,ts,2007,13.364375307205318,12.46119507543285,11.72374976227436,12.212682347155697,12.700166889666972,13.168609897915708
ee,w1,m,ts,2008,13.666073312258684,12.43444000070939,11.609396504209736,12.15789188437616,12.69320777234603,13.196469028100442
ee,w1,m,ts,2009,14.112749630116452,12.413283127446567,11.533334805058402,12.123024465740041,12.71093362744369,13.247169340937752
ee,w1,m,ts,2010,14.271982376065385,12.396595530813654,11.453513995659726,12.078918231134804,12.712814304112394,13.2741340856308
ee,w1,m,ts,2011,14.742175596957951,12.383473798934476,11.364315244840132,12.043284906680132,12.709513693528102,13.315996632638848
ee,w1,m,ts,2012,14.742344365203763,12.37319578636695,11.291885184171043,12.010169842504618,12.71584144108961,13.33869341312333
ee,w1,m,ts,2013,15.067043896648755,12.365184745087271,11.259434249904672,11.982121481921357,12.722179972389647,13.394706948630768
ee,w1,m,ts,2014,15.31774890525793,12.35898036449365,11.19893843243284,11.964501382833756,12.739580275869708,13.446924052777856
ee,w1,m,ts,2015,15.397969060263259,12.354215461903086,11.169118836989176,11.947357249240074,12.746352172216826,13.480773400700157
ee,w1,m,ts,2016,15.55181331794331,12.350597265717488,11.099936259373264,11.918984711615307,12.759839374040075,13.498191964119822
ee,w1,m,ts,2017,15.521635134467681,12.347892414107623,11.052181988788291,11.911848814799777,12.774474949351967,13.557687602804489
ee,w1,m,ts,2018,15.829102416826007,12.345914948939866,11.015282267713559,11.894491045634208,12.77902463757252,13.614390370372089
ee,w1,m,ts,2019,15.919031178732256,12.344516717723426,10.934473260992503,11.881015631117096,12.791324090106436,13.621813428356049
ee,w1,m,ts,2020,16.049264469618983,12.343579707398499,10.93340309778826,11.85559582870808,12.808776869894338,13.674595832329018
ee,w1,m,ts,2021,14.60751659776414,12.343009925403368,10.88094414761438,11.84552137331646,12.823491382645607,13.676806377496531
ee,w1,m,ts,2022,15.298771624660585,12.342732518418893,10.826071460173749,11.846976544149559,12.851633690182346,13.76708928516711
ee,w1,m,ts,2023,16.087014081347895,12.342687880139515,10.765290506432262,11.824267753321731,12.862821332517116,13.802982327001821
ee,w1,f,rwd,2004,17.886402189356883,17.65807143408387,17.083100426316978,17.44636963955774,17.847437278349513,18.254845531532773
ee,w1,f,rwd,2005,18.20921498887562,17.763163986886173,16.924397423848337,17.46561962142642,18.040065111314362,18.581385286466517
ee,w1,f,rwd,2006,18.33701592919607,17.868253263166697,16.826850183457655,17.497904841957734,18.211424874069394,18.89970919307298
ee,w1,f,rwd,2007,18.3148746165138,17.97333501987455,16.753863630102305,17.535788393284875,18.36500388673393,19.199938967854056
ee,w1,f,rwd,2008,18.88147423252969,18.078405059129473,16.695113773629174,17.60085100539227,18.549843978357785,19.485516152818192
ee,w1,f,rwd,2009,19.178467466442285,18.183459228591467,16.671038407523294,17.64311546105889,18.690042513517223,19.760017206571536
ee,w1,f,rwd,2010,19.304844758531477,18.28849342180013,16.616626823576205,17.69034512457387,18.83915817014227,20.01423531079291
ee,w1,f,rwd,2011,19.830219435380343,18.39350357848471,16.548581160084765,17.739036983589145,18.982574528381562,20.24607292555487
ee,w1,f,rwd,2012,19.726530134518946,18.498485684845395,16.521458380869646,17.793404725803068,19.137240772927818,20.44936148434448
ee,w1,f,rwd,2013,20.229937285472435,18.603435773806797,16.502019225047157,17.84462044674007,19.288023388461138,20.723588748803316
ee,w1,f,rwd,2014,19.941301483555947,18.708349925244324,16.452780922203825,17.91833197371794,19.451434739678838,20.910976991650323
ee,w1,f,rwd,2015,20.32215693986444,18.813224266184225,16.360295558727547,17.97151182402732,19.629226820001904,21.230435395789577
ee,w1,f,rwd,2016,20.47167547716496,18.918054970977952,16.29387421756875,18.0159027321252,19.77567328080158,21.456278674398753
ee,w1,f,rwd,2017,20.44324687697712,19.02283826145185,16.209411445666802,18.047096159817247,19.943871721063662,21.706348107275687
ee,w1,f,rwd,2018,20.534445451218243,19.12757040703267,16.196186300113485,18.13414870810648,20.095100441021543,21.921026566716904
ee,w1,f,rwd,2019,20.94783288641131,19.232247724849767,16.258755515643283,18.1866578625704,20.22523744734184,22.1343310064472
ee,w1,f,rwd,2020,20.842596755171456,19.336866579814753,16.161285580213182,18.250269939119946,20.365160474481677,22.341993266357996
ee,w1,f,rwd,2021,19.92277816610294,19.441423384679286,16.145975901105427,18.292895458639563,20.51921153204091,22.644792928771256
ee,w1,f,rwd,2022,20.51530850471324,19.545914600071697,16.131599008400652,18.362116532643178,20.666027669801977,22.87757595829298
ee,w1,f,rwd,2023,21.188919897593,19.650336734513235,16.090951481810574,18.410071017703125,20.77665453237541,23.05609879931478
ee,w1,f,ts,2004,17.886402189356883,17.534816475922284,16.97656633204951,17.329493384716354,17.714724820521944,18.08581984384799
ee,w1,f,ts,2005,18.20921498887562,17.568570472598402,16.876404228246543,17.324217604735743,17.788573911013394,18.26739349992598
ee,w1,f,ts,2006,18.33701592919607,17.63216284622685,16.86202582331533,17.374083281280775,17.881798312636015,18.39022213797291
ee,w1,f,ts,2007,18.3148746165138,17.712904053253308,16.901069310590003,17.437404268457705,17.987701732082783,18.568747780722532
ee,w1,f,ts,2008,18.88147423252969,17.803499361264123,16.952667109590244,17.509603169777506,18.0952440144257,18.694753633242094
ee,w1,f,ts,2009,19.178467466442285,17.899754289601464,17.00647621783409,17.592600800010782,18.208392121572615,18.803877830922616
ee,w1,f,ts,2010,19.304844758531477,17.99925623501922,17.11367408272667,17.675569844229692,18.3112859111929,18.96166011954635
ee,w1,f,ts,2011,19.830219435380343,18.10061680509546,17.176739009746967,17.75591811180246,18.421514128372564,19.094444625559333
ee,w1,f,ts,2012,19.726530134518946,18.203036333206988,17.21708668730559,17.84727586698623,18.53073534104244,19.248682170455357
ee,w1,f,ts,2013,20.229937285472435,18.306053561209275,17.286402246389102,17.934730751129052,18.639292914535087,19.373629326556078
ee,w1,f,ts,2014,19.941301483555947,18.409401755875702,17.35447522505153,18.03919642896127,18.751261844971353,19.477682337152288
ee,w1,f,ts,2015,20.32215693986444,18.51292600553452,17.428795536979333,18.12986027885004,18.866631926076835,19.638372551048477
ee,w1,f,ts,2016,20.47167547716496,18.616535684212376,17.517370561451308,18.22235897151709,18.981645828838047,19.744257317201065
ee,w1,f,ts,2017,20.44324687697712,18.720177130233772,17.58474260194661,18.30961404281998,19.098735371594582,19.882971614948964
ee,w1,f,ts,2018,20.534445451218243,18.823817943792253,17.637206172870716,18.404181537011386,19.19920301917132,20.04535855569395
ee,w1,f,ts,2019,20.94783288641131,18.92743796267505,17.739333034820554,18.488345536054343,19.309739740273905,20.19137698935509
ee,w1,f,ts,2020,20.842596755171456,19.031024076183336,17.791188522669135,18.57196883123711,19.432288340782147,20.306242541257397
ee,w1,f,ts,2021,19.92277816610294,19.134567244919694,17.886101351878917,18.663325310203668,19.543922978716452,20.43372991140118
ee,w1,f,ts,2022,20.51530850471324,19.238060788265475,17.926536929536827,18.752686150952893,19.651045943863366,20.5914270835412
ee,w1,f,ts,2023,21.188919897593,19.341499400353516,17.998838546699492,18.829118363657894,19.772259078716836,20.71207295368174
bg,w2,m,rwd,1994,12.843571247138483,12.632972371178264,12.553039252160458,12.603503334087144,12.655338421313825,12.704578966961785
bg,w2,m,rwd,1995,12.702718107666028,12.619709625746122,12.510419533758649,12.580580616943319,12.650842372348409,12.721067648869834
bg,w2,m,rwd,1996,12.528547100521513,12.606503790978435,12.473161115784741,12.558066263108625,12.645916070210223,12.730166104569628
bg,w2,m,rwd,1997,12.352793273303421,12.593350970312475,12.43783384697071,12.53894185755033,12.63969419629566,12.732076349217193
bg,w2,m,rwd,1998,12.4889568231909,12.580247448640458,12.40480979166245,12.519039948976626,12.632759107360279,12.7413426679586
bg,w2,m,rwd,1999,12.988507493141244,12.567189680747777,12.37508047839794,12.4974140012118,12.626930710745285,12.749604873734155
bg,w2,m,rwd,2000,12.769603486639443,12.554174280650786,12.345924158640335,12.478494100435027,12.619575538915724,12.746811461687589
bg,w2,m,rwd,2001,13.015324516610553,12.541198011747648,12.318077263537818,12.457538292729119,12.6117844189565,12.753732394623043
bg,w2,m,rwd,2002,13.017475178327377,12.528257777705294,12.28080138947469,12.440631932954277,12.603926980278512,12.756015287244939
bg,w2,m,rwd,2003,13.023260835249422,12.515350614014089,12.256105782809229,12.424504508141455,12.59809828333795,12.762955692323183
bg,w2,m,rwd,2004,13.25741504838128,12.502473680148807,12.223906122935569,12.405225805704603,12.589048118494713,12.763262761971424
bg,w2,m,rwd,2005,13.077818669488407,12.489624252281015,12.19280597280945,12.38911936683205,12.582149417990273,12.768005806420357
bg,w2,m,rwd,2006,13.18354788872934,12.47682450498765,12.164509984235576,12.37040103498345,12.576342624255389,12.773012561541622
bg,w2,m,rwd,2007,13.280338827683789,12.464069215054597,12.13188625484198,12.352754194970547,12.569047184296704,12.77430281226301
bg,w2,m,rwd,2008,13.571774765335727,12.451334952257405,12.108819195403294,12.331982821457029,12.56239594733472,12.777537376578968
bg,w2,m,rwd,2009,13.83835893875905,12.43861934046857,12.071646790327675,12.313653174569769,12.551098012326717,12.789157798441575
bg,w2,m,rwd,2010,13.763849707211213,12.425920087205755,12.044720883053301,12.295683655761705,12.543765159764272,12.78791615883328
bg,w2,m,rwd,2011,13.888083438235983,12.413234978584596,12.019857447377591,12.276082413283685,12.540013946428301,12.789818553056007
bg,w2,m,rwd,2012,13.904889062810959,12.400561874544291,11.995456797668512,12.258880804978878,12.52919338545092,12.788698545146747
bg,w2,m,rwd,2013,14.168332793338633,12.387898704316536,11.966806831794122,12.243941673271205,12.52213572637827,12.789756552593595
bg,w2,m,ts,1994,12.843571247138483,12.604253625658968,12.535533321169343,12.578639169657992,12.62284122118134,12.663079050766216
bg,w2,m,ts,1995,12.702718107666028,12.583759647792432,12.510851634651377,12.557352340568102,12.604247540132393,12.6468940501164
bg,w2,m,ts,1996,12.528547100521513,12.56893603095539,12.493803049922661,12.541415284828997,12.58982459146147,12.635071875087489
bg,w2,m,ts,1997,12.352793273303421,12.555635027478022,12.475586728213838,12.526378588114015,12.577784854152195,12.625634765623248
bg,w2,m,ts,1998,12.4889568231909,12.542762782355485,12.460995183179431,12.51335962314559,12.56511155200754,12.61280387982493
bg,w2,m,ts,1999,12.988507493141244,12.53002869488728,12.44565453254498,12.49907009594796,12.552138500418854,12.598231448031992
bg,w2,m,ts,2000,12.769603486639443,12.517354037442274,12.428769570338838,12.485348390671366,12.540189102982785,12.590250655667509
bg,w2,m,ts,2001,13.015324516610553,12.50471607210276,12.41526074973624,12.471903904781282,12.528294835996796,12.578656485288066
bg,w2,m,ts,2002,13.017475178327377,12.492106918806984,12.398852715977744,12.458564373036026,12.516849524571889,12.567028434841179
bg,w2,m,ts,2003,13.023260835249422,12.47953766672639,12.385133728849178,12.444605964340532,12.50313599461214,12.558995400287042
bg,w2,m,ts,2004,13.25741504838128,12.467021344455354,12.369426069238903,12.431556912527954,12.492585369030243,12.54618135575906
bg,w2,m,ts,2005,13.077818669488407,12.454525828940362,12.355844000084126,12.41822770597429,12.479859463738304,12.53697948808882
bg,w2,m,ts,2006,13.18354788872934,12.442048832328949,12.340727033233717,12.40570418956394,12.469348433831348,12.526184313973927
bg,w2,m,ts,2007,13.280338827683789,12.429588164311191,12.327375081478744,12.390318111293483,12.457382997271313,12.513346584828176
bg,w2,m,ts,2008,13.571774765335727,12.417141713561932,12.310527021186784,12.376898930647206,12.44568418177085,12.505272145808934
bg,w2,m,ts,2009,13.83835893875905,12.404707439664467,12.296840493609897,12.364759999751332,12.43480710591502,12.495540982676372
bg,w2,m,ts,2010,13.763849707211213,12.392283367962007,12.277453183314087,12.350378340956915,12.421905924314645,12.485263501276059
bg,w2,m,ts,2011,13.888083438235983,12.379867585323037,12.258893565422412,12.33656588812639,12.410614096533816,12.474940364607498
bg,w2,m,ts,2012,13.904889062810959,12.367458236270629,12.244993558794016,12.324437130085903,12.399230106606911,12.463583347460382
bg,w2,m,ts,2013,14.168332793338633,12.355053519312673,12.230460234141793,12.31071656015383,12.386390485772454,12.45281478881966
bg,w2,f,rwd,1994,15.444038145465935,15.430268739777684,15.007593913952734,15.28383523569581,15.575938235612623,15.83869848704956
bg,w2,f,rwd,1995,15.330053125717685,15.466001669708087,14.854559895430963,15.2548111306222,15.667629735523352,16.05209239008881
bg,w2,f,rwd,1996,15.067919217667423,15.50167802459565,14.733313092429738,15.246018162354625,15.75862253037692,16.23124288358981
bg,w2,f,rwd,1997,14.865580048334149,15.537296915311456,14.644598799385134,15.228762412978066,15.845080397743063,16.38856187395298
bg,w2,f,rwd,1998,15.142514256160158,15.572857461549125,14.532056368893299,15.224862701944524,15.918915675832274,16.55454538511595
bg,w2,f,rwd,1999,15.46657964991356,15.608358791865424,14.43493362581112,15.216210433823415,16.000522641012967,16.70065076013773
bg,w2,f,rwd,2000,15.346719855497701,15.643800043718858,14.337985491850171,15.210325708074283,16.063867795490996,16.82662187270343
bg,w2,f,rwd,2001,15.617750940782782,15.67918036350622,14.291202506432498,15.196469995078012,16.135859367070758,16.949866142094454
bg,w2,f,rwd,2002,15.707915418059038,15.714498906597221,14.232029997938856,15.202742802540092,16.193836259117948,17.089057956885792
bg,w2,f,rwd,2003,15.923394289551293,15.749754837367094,14.139662546926102,15.199083530288734,16.258826791224482,17.23904013360114
bg,w2,f,rwd,2004,16.251033059146252,15.78494732922721,14.007563363811695,15.19398511221057,16.326435108423002,17.35401088185229
bg,w2,f,rwd,2005,16.131691776839734,15.820075564653797,13.986360820039657,15.198600112004158,16.379088286774053,17.47234323866184
bg,w2,f,rwd,2006,16.25146022313226,15.85513873521467,13.869135060259206,15.212958110556515,16.448200475803656,17.593966361027963
bg,w2,f,rwd,2007,16.38648466556904,15.890136041594001,13.84040403346872,15.183990330521059,16.523816684269047,17.716044547715025
bg,w2,f,rwd,2008,16.654490977992047,15.925066693615273,13.759659944477658,15.193754917060346,16.584322779881038,17.844405443440266
bg,w2,f,rwd,2009,16.934387429940614,15.959929910262193,13.705062602756296,15.200829838933412,16.646466664265876,17.93548624544911
bg,w2,f,rwd,2010,16.970035211261315,15.994724919697811,13.637491595284699,15.205287939963089,16.713344000009535,18.030869493783303
bg,w2,f,rwd,2011,17.21469983554875,16.029450959281757,13.54091214109234,15.208715838274854,16.784485400245437,18.108421563109367
bg,w2,f,rwd,2012,17.146226961831875,16.064107275585577,13.519601969719243,15.202899090066362,16.836105612168236,18.23908196345897
bg,w2,f,rwd,2013,17.704401223153653,16.098693124406275,13.414654678720533,15.19882445559475,16.879188520722884,18.345148192359655
bg,w2,f,ts,1994,15.444038145465935,15.258119020145582,15.024836232347509,15.174922228770587,15.335796709000336,15.487004139618763
bg,w2,f,ts,1995,15.330053125717685,15.376195909685178,15.146006251701559,15.294540347830171,15.45495556540437,15.609592282959163
bg,w2,f,ts,1996,15.067919217667423,15.385366211352773,15.138195626458227,15.304187504719787,15.46935280764631,15.625189492324028
bg,w2,f,ts,1997,14.865580048334149,15.440921745477388,15.195799733544009,15.353427873963462,15.5217296187429,15.685248484384118
bg,w2,f,ts,1998,15.142514256160158,15.476555157662306,15.229013957347325,15.393562174564066,15.561507385365172,15.716982358181225
bg,w2,f,ts,1999,15.46657964991356,15.52058647123209,15.27802975497452,15.434426314692814,15.605846663975173,15.7664029479377
bg,w2,f,ts,2000,15.346719855497701,15.560919937377257,15.306059385787593,15.475774218833294,15.649828524442981,15.812166085155075
bg,w2,f,ts,2001,15.617750940782782,15.60271915288444,15.353975173062377,15.519834335903415,15.68070864525138,15.846293078273476
bg,w2,f,ts,2002,15.707915418059038,15.643777174192339,15.398598493196342,15.555667524154117,15.731193836577496,15.89694380663072
bg,w2,f,ts,2003,15.923394289551293,15.685034474351534,15.432748126242608,15.59316942074494,15.768581877620047,15.932896178346025
bg,w2,f,ts,2004,16.251033059146252,15.726087567183264,15.474342709764224,15.641605481429476,15.814492168505732,15.986657116780123
bg,w2,f,ts,2005,16.131691776839734,15.767106852755033,15.50480972720667,15.676744733806046,15.85479979982824,16.025109300054073
bg,w2,f,ts,2006,16.25146022313226,15.808017717273987,15.54238212423819,15.718277539791007,15.895871649532292,16.064569247902607
bg,w2,f,ts,2007,16.38648466556904,15.84885018265906,15.579273063630566,15.757427695472803,15.938167395463006,16.112404387402705
bg,w2,f,ts,2008,16.654490977992047,15.889589620627863,15.627067265925731,15.7999666637205,15.986139038074528,16.153282369632322
bg,w2,f,ts,2009,16.934387429940614,15.930240489433189,15.658546221495675,15.834163731101643,16.01952121673878,16.19371029035622
bg,w2,f,ts,2010,16.970035211261315,15.970799122915848,15.699497696069239,15.878228020218021,16.063430646779246,16.248096324585628
bg,w2,f,ts,2011,17.21469983554875,16.01126534727297,15.735568853787829,15.916131488483517,16.103803658575018,16.2804157485571
bg,w2,f,ts,2012,17.146226961831875,16.0516375219371,15.78306113341002,15.956001014983112,16.145673405402086,16.338064648167986
bg,w2,f,ts,2013,17.704401223153653,16.091914656586454,15.801492899747307,15.993831613355058,16.188541959397735,16.38083564473754
ee,w2,m,rwd,1994,11.68454324220725,11.835792949891449,11.623720631800975,11.76988447191926,11.911399822151722,12.017147164901107
ee,w2,m,rwd,1995,12.024898961631225,11.807425919186535,11.542521494277883,11.729396422340072,11.897932112339529,12.023267914631544
ee,w2,m,rwd,1996,12.237750092800626,11.77865572846613,11.470753830119586,11.687468725360002,11.884679487048126,12.027340899346372
ee,w2,m,rwd,1997,12.5709617829309,11.749482726612865,11.40180588216752,11.647150769149748,11.871633593769973,12.022144233198404
ee,w2,m,rwd,1998,12.231815513975548,11.720068363716148,11.329661126465526,11.609687356655183,11.853667161193258,12.032102431807687
ee,w2,m,rwd,1999,12.669137972238522,11.690457543938379,11.264551549211687,11.565316544230516,11.839821456666028,12.035595659054293
ee,w2,m,rwd,2000,12.88131076181695,11.660580533673128,11.189717936881863,11.522826748090711,11.821459223176408,12.035613130706517
ee,w2,m,rwd,2001,12.82133308613392,11.630302289091315,11.1078696305104,11.480967116609163,11.806979368904141,12.031411200113538
ee,w2,m,rwd,2002,12.813942344823303,11.599619585137761,11.039875966780196,11.443135184758624,11.790025799687474,12.031295691045337
ee,w2,m,rwd,2003,12.890000827992678,11.56852920866309,10.968703505521976,11.402518809538247,11.7699965847724,12.03132589400554
ee,w2,m,rwd,2004,13.112707300455723,11.537027959941886,10.910359736392685,11.361295801456068,11.749578602302137,12.039929221821247
ee,w2,m,rwd,2005,13.418498736412683,11.50511265423778,10.84530248625079,11.315528846799195,11.731412047796109,12.038484530520305
ee,w2,m,rwd,2006,13.406296607547615,11.47278012341646,10.75558193771381,11.283726796169766,11.713828362567826,12.034164941099204
ee,w2,m,rwd,2007,13.364375307205318,11.440044570309807,10.671835686529697,11.241621281004466,11.694839330994483,12.029475323165288
ee,w2,m,rwd,2008,13.666073312258684,11.407279482060748,10.607052505414707,11.200290295434453,11.680977852596408,12.032856032821995
ee,w2,m,rwd,2009,14.112749630116452,11.374378673588526,10.550456571383096,11.154440456860929,11.662920012004767,12.033637270276445
ee,w2,m,rwd,2010,14.271982376065385,11.341080861912404,10.47439117294122,11.111199224363654,11.64070010947713,12.027051129797423
ee,w2,m,rwd,2011,14.742175596957951,11.307383540790044,10.4261278596941,11.070646535771981,11.620173410693612,12.025232384202381
ee,w2,m,rwd,2012,14.742344365203763,11.27328423013313,10.36573009894705,11.025072176271973,11.599141261864283,12.0312038613608
ee,w2,m,rwd,2013,15.067043896648755,11.240288752251939,10.30756279935765,10.98530262031931,11.582826381405646,12.032010496978186
ee,w2,m,ts,1994,11.68454324220725,11.901187922822054,11.723232203968529,11.844013196125225,11.96500648283127,12.053379028024185
ee,w2,m,ts,1995,12.024898961631225,11.917884830463754,11.720093528380962,11.856368303555133,11.986179654271872,12.080781485247424
ee,w2,m,ts,1996,12.237750092800626,11.922078471487529,11.704519759716844,11.85943005590792,11.995438207705217,12.09062466986083
ee,w2,m,ts,1997,12.5709617829309,11.91860631827451,11.703518209052868,11.854208655389165,11.995817037266994,12.095238359449247
ee,w2,m,ts,1998,12.231815513975548,11.91037348574936,11.678941960173164,11.844934029363616,11.991413841496747,12.096950870235135
ee,w2,m,ts,1999,12.669137972238522,11.899148606960061,11.665808716417555,11.83230434240869,11.982220993577458,12.09238842413289
ee,w2,m,ts,2000,12.88131076181695,11.88601773129637,11.638982626802267,11.815713722149948,11.971984294553076,12.089267611949309
ee,w2,m,ts,2001,12.82133308613392,11.871651305336991,11.61597469849592,11.79705878761462,11.960708049923639,12.08430759895527
ee,w2,m,ts,2002,12.813942344823303,11.856464518722104,11.58468189595855,11.778692179308415,11.951814301683195,12.080639578229746
ee,w2,m,ts,2003,12.890000827992678,11.840714927563356,11.559384958392135,11.759119659268123,11.940073666648518,12.070424869099282
ee,w2,m,ts,2004,13.112707300455723,11.824562410390012,11.531862807199648,11.738850291705317,11.931594414238393,12.062122220149211
ee,w2,m,ts,2005,13.418498736412683,11.808106192820587,11.50213620188186,11.717581739677005,11.91877257759021,12.059928766237514
ee,w2,m,ts,2006,13.406296607547615,11.791407789668678,11.470321415636425,11.700834816332534,11.90624148117566,12.048448660372097
ee,w2,m,ts,2007,13.364375307205318,11.774505250920864,11.43409745671761,11.681795745253421,11.892023504494333,12.04365408327323
ee,w2,m,ts,2008,13.666073312258684,11.757422019304814,11.399886659411896,11.661068296506459,11.8798207654883,12.047236241134467
ee,w2,m,ts,2009,14.112749630116452,11.740211941458425,11.371917251837642,11.641693102754362,11.866276765088111,12.03916637533846
ee,w2,m,ts,2010,14.271982376065385,11.72292151737426,11.344824514163498,11.623040304220769,11.854006827223785,12.035023386643129
ee,w2,m,ts,2011,14.742175596957951,11.705502907768098,11.320665271271752,11.602893704305654,11.843090493684663,12.018969034645886
ee,w2,m,ts,2012,14.742344365203763,11.688102797237034,11.297443359696533,11.58130996068678,11.831437353319497,12.01196800893095
ee,w2,m,ts,2013,15.067043896648755,11.670561164456316,11.268659541910829,11.561178205900891,11.818600521935544,11.998390443387699
ee,w2,f,rwd,1994,15.662659920745158,15.900256083056455,15.362328262439004,15.785671747008958,16.016334720154,16.455232952334
ee,w2,f,rwd,1995,16.106454518165187,15.911535174410812,15.103360366492497,15.757983285696351,16.06975867957806,16.734938789355205
ee,w2,f,rwd,1996,16.469268890031735,15.922819628919575,14.999694291576619,15.733492809603156,16.123140341457336,16.988668637868006
ee,w2,f,rwd,1997,16.91241075241045,15.934109422667422,14.855261081897744,15.710577915081707,16.164683175158316,17.168287671306082
ee,w2,f,rwd,1998,16.400858846201952,15.945404531731384,14.648107025841915,15.688314431873277,16.200740598240735,17.32446792052127
ee,w2,f,rwd,1999,16.98369260643232,15.956704932180923,14.454456220216837,15.670005215485263,16.248180619788222,17.608327408020706
ee,w2,f,rwd,2000,17.182296926186016,15.96801060007805,14.47141088586873,15.65070574649187,16.27991273518615,17.757181876399567
ee,w2,f,rwd,2001,17.34966565724125,15.97932151147742,14.349956747704109,15.639749778120157,16.32523198707332,18.0116756857737
ee,w2,f,rwd,2002,17.375419207714348,15.990637642426348,14.218429479908263,15.625343223976472,16.35735249787958,18.12246384413975
ee,w2,f,rwd,2003,17.52810315299906,16.00195896896498,14.055835076281017,15.617085122794023,16.393595025994287,18.338064618638306
ee,w2,f,rwd,2004,17.886402189356883,16.013285467126302,14.135157101806504,15.602446026764213,16.425473462836365,18.421083186055245
ee,w2,f,rwd,2005,18.20921498887562,16.02461711293627,13.882597639588743,15.591046018160855,16.464408118227954,18.55053010168226
ee,w2,f,rwd,2006,18.33701592919607,16.035953882413846,13.842964497331742,15.582885994790365,16.512788955552537,18.79291386242219
ee,w2,f,rwd,2007,18.3148746165138,16.047295751571134,13.723711293293606,15.566758859398176,16.556053552521295,19.129397736486297
ee,w2,f,rwd,2008,18.88147423252969,16.05864269641341,13.679382843908938,15.567388024946428,16.594549875773534,19.45387511583607
ee,w2,f,rwd,2009,19.178467466442285,16.069994692939215,13.62171089599887,15.549890682515144,16.63129784997454,19.63513429874278
ee,w2,f,rwd,2010,19.304844758531477,16.081351717140446,13.494410894538765,15.533765228171603,16.67086806009374,19.851186353261028
ee,w2,f,rwd,2011,19.830219435380343,16.092713745002403,13.469870504311668,15.531122270406833,16.711651270504543,19.954125437888464
ee,w2,f,rwd,2012,19.726530134518946,16.10408075250391,13.426277836399363,15.511604834149702,16.745005910350034,20.146556598414485
ee,w2,f,rwd,2013,20.229937285472435,16.11545271561735,13.360848654820613,15.501861244938231,16.793735306965626,20.443073276766597
ee,w2,f,ts,1994,15.662659920745158,15.94011885381459,15.69280676049243,15.862896168998063,16.072144446811997,17.286291538608126
ee,w2,f,ts,1995,16.106454518165187,15.964413204435926,15.717077434276629,15.87702960418635,16.112731097390988,17.41011557582706
ee,w2,f,ts,1996,16.469268890031735,15.988193228526733,15.739379785342503,15.899595111348672,16.144233190290045,17.58163329579017
ee,w2,f,ts,1997,16.91241075241045,16.01198546647847,15.757711315114243,15.914750395901768,16.172476502428328,17.758803925185465
ee,w2,f,ts,1998,16.400858846201952,16.035800228773912,15.772263639347557,15.929756545961117,16.20227541050284,17.86967708379187
ee,w2,f,ts,1999,16.98369260643232,16.05963750351994,15.789160925281323,15.953800947054233,16.243542480736462,18.064799964517835
ee,w2,f,ts,2000,17.182296926186016,16.083497072297597,15.801533548262896,15.97175534971239,16.269309218587047,18.204279980642895
ee,w2,f,ts,2001,17.34966565724125,16.10737871243151,15.813555582563367,15.993794904179552,16.305582492521136,18.43920582159345
ee,w2,f,ts,2002,17.375419207714348,16.131282201037344,15.833809050619067,16.00816787942744,16.337836085926348,18.452215164940707
ee,w2,f,ts,2003,17.52810315299906,16.155207315105642,15.847493247630174,16.031666158844217,16.384084020048242,18.634725858842906
ee,w2,f,ts,2004,17.886402189356883,16.179153831506493,15.860816544360233,16.046153936410626,16.40841607957898,18.869817253441894
ee,w2,f,ts,2005,18.20921498887562,16.20312152699239,15.872889051126814,16.06496040503267,16.440948755505794,19.000248852006195
ee,w2,f,ts,2006,18.33701592919607,16.227110178201208,15.883540423386524,16.08453292676543,16.472468678035924,19.00907265639374
ee,w2,f,ts,2007,18.3148746165138,16.251119561658882,15.898451936737489,16.10395398744705,16.511844380238045,19.461666540624805
ee,w2,f,ts,2008,18.88147423252969,16.275149453782255,15.916207477140565,16.125934503691127,16.54048937681855,19.74044742362584
ee,w2,f,ts,2009,19.178467466442285,16.29919963088166,15.927424337441542,16.142026371697924,16.578450221619477,19.661178757758247
ee,w2,f,ts,2010,19.304844758531477,16.323269869163607,15.94377775815078,16.15709559746059,16.616051835656208,19.873342143348356
ee,w2,f,ts,2011,19.830219435380343,16.3473599447333,15.944555891787713,16.172584327368384,16.644445267097804,20.248950104666225
ee,w2,f,ts,2012,19.726530134518946,16.371469633597165,15.964928286374834,16.193388843719557,16.689168654474855,20.178998542963004
ee,w2,f,ts,2013,20.229937285472435,16.395598711665272,15.971435871172359,16.211402948236696,16.710221728318796,20.343916218714245
bg84,w1,m,rwd,2004,13.2437166117733,12.792700617571585,12.574817855456097,12.723948955732157,12.86867237205368,13.00091268869758
bg84,w1,m,rwd,2005,13.071735102304057,12.789394340771485,12.475047239019458,12.688924217654133,12.898613349946398,13.096697973026028
bg84,w1,m,rwd,2006,13.15019476370231,12.786079171868929,12.371991357536524,12.65864447566732,12.9265482504488,13.180645664299531
bg84,w1,m,rwd,2007,13.283074225192946,12.782755142527012,12.306979091954366,12.629449033176439,12.945033795567399,13.256944691563211
bg84,w1,m,rwd,2008,13.558976694284889,12.779422284392325,12.25587929455731,12.603885243265449,12.967356869574232,13.323164382865846
bg84,w1,m,rwd,2009,13.829499118425744,12.776080629094606,12.18312965069453,12.57573454876475,12.985853313801737,13.386637351858175
bg84,w1,m,rwd,2010,13.788392429171576,12.772730208246461,12.120130138701457,12.552610784080919,12.99779556910502,13.453490975637918
bg84,w1,m,rwd,2011,13.899719041156171,12.769371053443042,12.067489263366424,12.527555248304093,13.012663868484896,13.520210296983056
bg84,w1,m,rwd,2012,13.92347105664461,12.766003196261781,11.992251439878867,12.507230510066018,13.027922003176236,13.56657036601888
bg84,w1,m,rwd,2013,14.247927434767709,12.762626668262063,11.92506449760102,12.48525184376866,13.040848968901486,13.610047703027517
bg84,w1,m,rwd,2014,14.059121276116192,12.75924150098495,11.873648603895587,12.461473244510156,13.056118429531587,13.66037513535958
bg84,w1,m,rwd,2015,13.973933810523787,12.755847725952886,11.831213150409978,12.445756121749358,13.066912444300057,13.714707957834708
bg84,w1,m,rwd,2016,14.204661712631365,12.752445374669403,11.775673009982967,12.41806603270903,13.080307395287516,13.768744855479158
bg84,w1,m,rwd,2017,14.067550206137673,12.749034478618848,11.730113540290203,12.389276665898482,13.104044756702537,13.812111116711149
bg84,w1,m,rwd,2018,14.15982750033575,12.745615069266092,11.66408510850262,12.366122491493943,13.118638177359879,13.857011507383772
bg84,w1,m,rwd,2019,14.235436234052028,12.742187178056271,11.581640740257614,12.352525080481646,13.131715607711222,13.909756399634254
bg84,w1,m,rwd,2020,12.906021742672744,12.73875083641447,11.529827325905561,12.333289904957264,13.149126664771952,13.954228186723629
bg84,w1,m,rwd,2021,11.684324988282627,12.735306075745498,11.481620057997581,12.313805504759003,13.161610372981361,14.016714399968471
bg84,w1,m,rwd,2022,13.3313791808343,12.731852927433579,11.430743509128009,12.289217723946996,13.177512553674973,14.047208032375067
bg84,w1,m,rwd,2023,14.656780082172626,12.728391422842112,11.390774484459392,12.26840155849315,13.198234380270534,14.088381917200524
bg84,w1,m,ts,2004,13.2437166117733,12.776148404529234,12.581772672901849,12.710320005224538,12.842819850624089,12.966119063304772
bg84,w1,m,ts,2005,13.071735102304057,12.76602699443066,12.531261679353623,12.688778334901802,12.844221963650032,12.98663860772703
bg84,w1,m,ts,2006,13.15019476370231,12.760151509204729,12.516364034213131,12.676237602506708,12.840752080376324,12.98610828328714
bg84,w1,m,ts,2007,13.283074225192946,12.75611216024062,12.498884651351252,12.668736469624182,12.84186903914876,13.002068946684501
bg84,w1,m,ts,2008,13.558976694284889,12.752862428194593,12.48751258849237,12.662979745164096,12.845601567827485,12.998945624544143
bg84,w1,m,ts,2009,13.829499118425744,12.749950094662807,12.467304381286981,12.664159916810023,12.841635819831154,13.007527461132801
bg84,w1,m,ts,2010,13.788392429171576,12.747180163301104,12.45613751644465,12.65070551716849,12.841346322538584,13.020376170305612
bg84,w1,m,ts,2011,13.899719041156171,12.744468631985962,12.456960546677795,12.648004029199097,12.845890330883407,13.02048998391512
bg84,w1,m,ts,2012,13.92347105664461,12.741779332426235,12.44474020716356,12.642863469782228,12.84400113905464,13.0166781840184
bg84,w1,m,ts,2013,14.247927434767709,12.739096699317129,12.429225518277207,12.633718453851024,12.840499160062368,13.029476467527575
bg84,w1,m,ts,2014,14.059121276116192,12.736414039329555,12.41797115753567,12.630200177106307,12.847073628804965,13.033465394647095
bg84,w1,m,ts,2015,13.973933810523787,12.733728479132473,12.411137300721347,12.627163648143537,12.847877545070876,13.038375773391383
bg84,w1,m,ts,2016,14.204661712631365,12.731038790080206,12.398910942789575,12.618167656527245,12.848421058814617,13.045911788498463
bg84,w1,m,ts,2017,14.067550206137673,12.728344451618014,12.380713515566878,12.6141174982901,12.843591551670535,13.055919936457189
bg84,w1,m,ts,2018,14.15982750033575,12.725645248039754,12.37915768909109,12.612857942119868,12.846406332313206,13.062854498638622
bg84,w1,m,ts,2019,14.235436234052028,12.722941094879053,12.357526439003998,12.605099340887168,12.846053445170757,13.059028023801345
bg84,w1,m,ts,2020,12.906021742672744,12.720231964166093,12.35749757836784,12.600766590366518,12.84585607296696,13.074332001933756
bg84,w1,m,ts,2021,11.684324988282627,12.717517852249049,12.337571926170378,12.594135455064114,12.851979668673833,13.075792274450105
bg84,w1,m,ts,2022,13.3313791808343,12.714798765940595,12.326492755814886,12.587383951644323,12.847365761022754,13.085105075536356
bg84,w1,m,ts,2023,14.656780082172626,12.712074716553792,12.316021463508847,12.583167844563873,12.847019413282434,13.102013877300282
bg84,w1,f,rwd,2004,16.149599173332806,15.426450633221519,15.143469125041676,15.339894358146298,15.5386561203349,15.732612174289464
bg84,w1,f,rwd,2005,16.072588068250163,15.4323332613375,15.005976083876806,15.291582095137958,15.585954090647423,15.867118209865362
bg84,w1,f,rwd,2006,16.152677700595028,15.438204634684393,14.89178310407126,15.256894347934209,15.632351676457688,16.021192939591174
bg84,w1,f,rwd,2007,16.30001134158405,15.444064703469886,14.787354862558582,15.230246275959791,15.674001723686526,16.12277411189797
bg84,w1,f,rwd,2008,16.57587176682142,15.449913417804957,14.708380554139323,15.215523077821214,15.710769613366839,16.241660465304147
bg84,w1,f,rwd,2009,16.881812351382397,15.45575072770304,14.622729857748489,15.192346492435577,15.74160305943709,16.35093533104512
bg84,w1,f,rwd,2010,16.95105166995979,15.461576583079262,14.539296321104638,15.156698464419991,15.778724276187717,16.44233948349856
bg84,w1,f,rwd,2011,17.150997349715485,15.467390933749629,14.460053667077108,15.141201826737586,15.807809621908389,16.52151748692258
bg84,w1,f,rwd,2012,17.12173056898808,15.473193729430257,14.425082139403205,15.118402270681155,15.843513208817159,16.644427568020877
bg84,w1,f,rwd,2013,17.609350277124793,15.478984919736552,14.335955108689795,15.096505415876772,15.881701724410085,16.747176392220986
bg84,w1,f,rwd,2014,17.40304167457772,15.484764454182471,14.261868612441992,15.076624115871118,15.91537854464864,16.82980828186055
bg84,w1,f,rwd,2015,17.40771154542025,15.490532282179675,14.203058064182306,15.062271493109638,15.943746669813857,16.91100607675218
bg84,w1,f,rwd,2016,17.800560091678605,15.496288353036777,14.143746699116578,15.039857809979,15.975443723681682,16.9899249972143
bg84,w1,f,rwd,2017,17.636681736553765,15.50203261595855,14.0684369472763,15.029399814405028,16.01885162197707,17.083845443222188
bg84,w1,f,rwd,2018,17.88661456966507,15.507765020045142,13.999445108033601,14.991111766802216,16.05485533472518,17.175109649025597
bg84,w1,f,rwd,2019,17.992469207819468,15.513485514291283,13.924624068971957,14.982452683899911,16.08668281817439,17.232728417416016
bg84,w1,f,rwd,2020,17.181963438119208,15.519194047585529,13.86800425018521,14.966181323107463,16.131079634818356,17.304131285559258
bg84,w1,f,rwd,2021,15.680299635345929,15.524890568709449,13.811330814934502,14.950404051733424,16.15657888392159,17.370341009410517
bg84,w1,f,rwd,2022,17.489894645922885,15.530624494939415,13.761324995729986,14.921147162159144,16.173691817193006,17.481448040597808
bg84,w1,f,rwd,2023,18.77427245680866,15.536405046374089,13.688180984006825,14.895871221221881,16.209747402901023,17.551244660094724
bg84,w1,f,ts,2004,16.149599173332806,15.403056797506355,15.13339305719103,15.311307361852775,15.500670338745138,15.667532792072494
bg84,w1,f,ts,2005,16.072588068250163,15.398999624499757,15.074401877264892,15.293561854334808,15.50348765275293,15.716905508505212
bg84,w1,f,ts,2006,16.152677700595028,15.400732385154127,15.05354318105639,15.277062605952555,15.512051893540548,15.737972097932248
bg84,w1,f,ts,2007,16.30001134158405,15.404939349157333,15.044591764361304,15.279624276547263,15.516149279307855,15.75146481648944
bg84,w1,f,ts,2008,16.57587176682142,15.41019778283581,15.037202867676099,15.275351968593757,15.525712103992838,15.756526488524704
bg84,w1,f,ts,2009,16.881812351382397,15.415898811661465,15.028172233412134,15.276974093731972,15.528567084011911,15.779239918307173
bg84,w1,f,ts,2010,16.95105166995979,15.421782139751455,15.026032525777786,15.280332935802633,15.537218386609315,15.791120245230966
bg84,w1,f,ts,2011,17.150997349715485,15.427755902086737,15.030756288196,15.283723611558594,15.546545990378727,15.810555657933524
bg84,w1,f,ts,2012,17.12173056898808,15.433771796174508,15.018082402615093,15.292176419810817,15.558184419119636,15.825943502894184
bg84,w1,f,ts,2013,17.609350277124793,15.439791009113733,14.995194038114295,15.284322991703018,15.565534662183918,15.838438299567995
bg84,w1,f,ts,2014,17.40304167457772,15.445804768933217,15.009895959145283,15.287044018946089,15.575598574096563,15.858952218970508
bg84,w1,f,ts,2015,17.40771154542025,15.45180929821025,14.992079659387757,15.284407089128102,15.58454239457467,15.88840806593176
bg84,w1,f,ts,2016,17.800560091678605,15.457802952567835,14.991189579950232,15.289251688324345,15.591077929143484,15.9068232068745
bg84,w1,f,ts,2017,17.636681736553765,15.463784998541849,14.987679221278151,15.296176068043335,15.599152647840722,15.92186521645959
bg84,w1,f,ts,2018,17.88661456966507,15.469755091628292,14.979487786378916,15.294584503717022,15.608625916923327,15.939718542042417
bg84,w1,f,ts,2019,17.992469207819468,15.475713053369704,14.96088595840325,15.294620495308592,15.6190806228168,15.94915934828146
bg84,w1,f,ts,2020,17.181963438119208,15.481658776155255,14.949548794742672,15.299252170776768,15.632170255981684,15.969862995374136
bg84,w1,f,ts,2021,15.680299635345929,15.487592182563956,14.939187548887809,15.29380248782684,15.642887976369988,15.99358235386889
bg84,w1,f,ts,2022,17.489894645922885,15.493513208001309,14.93565821738844,15.30669490426654,15.64978884364261,16.01876716331017
bg84,w1,f,ts,2023,18.77427245680866,15.499421793283803,14.929641656695978,15.302078632656439,15.665770857790873,16.036102571179367
