geo,window,sex,year,actual
bg,w1,m,1984,12.879007643527409
bg,w1,m,1985,12.463302509948512
bg,w1,m,1986,12.744454086222602
bg,w1,m,1987,12.566554547314032
bg,w1,m,1988,12.690827075501037
bg,w1,m,1989,12.813415195292833
bg,w1,m,1990,12.687211330609436
bg,w1,m,1991,12.674884384482231
bg,w1,m,1992,12.871312978818882
bg,w1,m,1993,12.841967136786087
bg,w1,m,1994,12.843571247138483
bg,w1,m,1995,12.702718107666028
bg,w1,m,1996,12.528547100521513
bg,w1,m,1997,12.352793273303421
bg,w1,m,1998,12.4889568231909
bg,w1,m,1999,12.988507493141244
bg,w1,m,2000,12.769603486639443
bg,w1,m,2001,13.015324516610553
bg,w1,m,2002,13.017475178327377
bg,w1,m,2003,13.023260835249422
bg,w1,f,1984,15.187518297470902
bg,w1,f,1985,14.789755697669298
bg,w1,f,1986,15.098484639349785
bg,w1,f,1987,14.963532014734222
bg,w1,f,1988,15.06833861404194
bg,w1,f,1989,15.140799253005357
bg,w1,f,1990,15.139026205871215
bg,w1,f,1991,14.944480489413412
bg,w1,f,1992,15.410964531974122
bg,w1,f,1993,15.47267898609579
bg,w1,f,1994,15.444038145465935
bg,w1,f,1995,15.330053125717685
bg,w1,f,1996,15.067919217667423
bg,w1,f,1997,14.865580048334149
bg,w1,f,1998,15.142514256160158
bg,w1,f,1999,15.46657964991356
bg,w1,f,2000,15.346719855497701
bg,w1,f,2001,15.617750940782782
bg,w1,f,2002,15.707915418059038
bg,w1,f,2003,15.923394289551293
ee,w1,m,1984,12.162691357109123
ee,w1,m,1985,11.896553385498667
ee,w1,m,1986,12.191716349136986
ee,w1,m,1987,12.318065107177055
ee,w1,m,1988,12.452751170466556
ee,w1,m,1989,12.576253295486257
ee,w1,m,1990,12.02221509172808
ee,w1,m,1991,12.324836108408128
ee,w1,m,1992,11.87209027238795
ee,w1,m,1993,11.709387825498336
ee,w1,m,1994,11.68454324220725
ee,w1,m,1995,12.024898961631225
ee,w1,m,1996,12.237750092800626
ee,w1,m,1997,12.5709617829309
ee,w1,m,1998,12.231815513975548
ee,w1,m,1999,12.669137972238522
ee,w1,m,2000,12.88131076181695
ee,w1,m,2001,12.82133308613392
ee,w1,m,2002,12.813942344823303
ee,w1,m,2003,12.890000827992678
ee,w1,f,1984,15.50035893006738
ee,w1,f,1985,15.609664097267
ee,w1,f,1986,15.801816786447871
ee,w1,f,1987,15.667824663078898
ee,w1,f,1988,15.660704968307767
ee,w1,f,1989,16.01357462647305
ee,w1,f,1990,15.65322726608778
ee,w1,f,1991,16.023613478421936
ee,w1,f,1992,16.019432726083245
ee,w1,f,1993,15.679907168356216
ee,w1,f,1994,15.662659920745158
ee,w1,f,1995,16.106454518165187
ee,w1,f,1996,16.469268890031735
ee,w1,f,1997,16.91241075241045
ee,w1,f,1998,16.400858846201952
ee,w1,f,1999,16.98369260643232
ee,w1,f,2000,17.182296926186016
ee,w1,f,2001,17.34966565724125
ee,w1,f,2002,17.375419207714348
ee,w1,f,2003,17.52810315299906
bg,w2,m,1974,12.928321123021021
bg,w2,m,1975,12.614100708485017
bg,w2,m,1976,12.897627901991576
bg,w2,m,1977,12.589987037112627
bg,w2,m,1978,12.911701396999721
bg,w2,m,1979,12.850454674106604
bg,w2,m,1980,12.605810680892167
bg,w2,m,1981,12.98724389661097
bg,w2,m,1982,12.726751926548642
bg,w2,m,1983,12.59964319073477
bg,w2,m,1984,12.879007643527409
bg,w2,m,1985,12.463302509948512
bg,w2,m,1986,12.744454086222602
bg,w2,m,1987,12.566554547314032
bg,w2,m,1988,12.690827075501037
bg,w2,m,1989,12.813415195292833
bg,w2,m,1990,12.687211330609436
bg,w2,m,1991,12.674884384482231
bg,w2,m,1992,12.871312978818882
bg,w2,m,1993,12.841967136786087
bg,w2,f,1974,14.672035630433255
bg,w2,f,1975,14.418282487227485
bg,w2,f,1976,14.780480120398003
bg,w2,f,1977,14.433492190155393
bg,w2,f,1978,14.682488097582475
bg,w2,f,1979,14.762065920831484
bg,w2,f,1980,14.63899795517744
bg,w2,f,1981,14.992052027661394
bg,w2,f,1982,14.783896310170983
bg,w2,f,1983,14.890578531469684
bg,w2,f,1984,15.187518297470902
bg,w2,f,1985,14.789755697669298
bg,w2,f,1986,15.098484639349785
bg,w2,f,1987,14.963532014734222
bg,w2,f,1988,15.06833861404194
bg,w2,f,1989,15.140799253005357
bg,w2,f,1990,15.139026205871215
bg,w2,f,1991,14.944480489413412
bg,w2,f,1992,15.410964531974122
bg,w2,f,1993,15.47267898609579
ee,w2,m,1974,12.488159113906619
ee,w2,m,1975,12.124798329369632
ee,w2,m,1976,11.96471297005587
ee,w2,m,1977,12.14444675883891
ee,w2,m,1978,12.09686595661525
ee,w2,m,1979,12.055949302608635
ee,w2,m,1980,11.74390170123452
ee,w2,m,1981,11.992350348159084
ee,w2,m,1982,12.383553508093573
ee,w2,m,1983,12.450620211805022
ee,w2,m,1984,12.162691357109123
ee,w2,m,1985,11.896553385498667
ee,w2,m,1986,12.191716349136986
ee,w2,m,1987,12.318065107177055
ee,w2,m,1988,12.452751170466556
ee,w2,m,1989,12.576253295486257
ee,w2,m,1990,12.02221509172808
ee,w2,m,1991,12.324836108408128
ee,w2,m,1992,11.87209027238795
ee,w2,m,1993,11.709387825498336
ee,w2,f,1974,15.963928440065255
ee,w2,f,1975,15.569465232540868
ee,w2,f,1976,15.3164576082306
ee,w2,f,1977,15.626958295058188
ee,w2,f,1978,15.380826530934801
ee,w2,f,1979,15.501168372519947
ee,w2,f,1980,15.55001902831366
ee,w2,f,1981,15.589454039648466
ee,w2,f,1982,15.768494261683436
ee,w2,f,1983,15.915373581837317
ee,w2,f,1984,15.50035893006738
ee,w2,f,1985,15.609664097267
ee,w2,f,1986,15.801816786447871
ee,w2,f,1987,15.667824663078898
ee,w2,f,1988,15.660704968307767
ee,w2,f,1989,16.01357462647305
ee,w2,f,1990,15.65322726608778
ee,w2,f,1991,16.023613478421936
ee,w2,f,1992,16.019432726083245
ee,w2,f,1993,15.679907168356216
bg84,w1,m,1984,12.865066132342445
bg84,w1,m,1985,12.469771121243156
bg84,w1,m,1986,12.720662826894092
bg84,w1,m,1987,12.567156150279386
bg84,w1,m,1988,12.687161339647625
bg84,w1,m,1989,12.803015722810077
bg84,w1,m,1990,12.709667754427775
bg84,w1,m,1991,12.698061631387564
bg84,w1,m,1992,12.86562239336827
bg84,w1,m,1993,12.847470076696847
bg84,w1,m,1994,12.806007994240655
bg84,w1,m,1995,12.732387313904344
bg84,w1,m,1996,12.612151490982097
bg84,w1,m,1997,12.473868718962388
bg84,w1,m,1998,12.648553340545837
bg84,w1,m,1999,13.169960541582059
bg84,w1,m,2000,12.935653755294451
bg84,w1,m,2001,13.062659576270896
bg84,w1,m,2002,13.110169964892693
bg84,w1,m,2003,13.072551786040574
bg84,w1,f,1984,15.163655885470492
bg84,w1,f,1985,14.824231130585899
bg84,w1,f,1986,15.089587417903806
bg84,w1,f,1987,14.958867076543722
bg84,w1,f,1988,15.047533496736744
bg84,w1,f,1989,15.098215152698804
bg84,w1,f,1990,15.139296261670125
bg84,w1,f,1991,14.974975732458566
bg84,w1,f,1992,15.402783093977021
bg84,w1,f,1993,15.448611390391912
bg84,w1,f,1994,15.41314668244556
bg84,w1,f,1995,15.393220685892521
bg84,w1,f,1996,15.188291413984357
bg84,w1,f,1997,15.035208452099534
bg84,w1,f,1998,15.311573080392803
bg84,w1,f,1999,15.65873588562521
bg84,w1,f,2000,15.539242120175702
bg84,w1,f,2001,15.62780983951655
bg84,w1,f,2002,15.761062191942823
bg84,w1,f,2003,15.955532149370754
