geo,sex,e65_2003,e65_2023,gain,drift,drift_se,sigma,improve_rate,improve_rate_se,vr4,vr8
MK,m,13.290797724620036,15.397247633878152,2.1064499092581155,-0.4950811019531461,0.20454564292065017,0.9147559241439448,0.008354320905313135,0.002275213721675404,0.24683075796336604,0.1403754380034744
MK,f,15.226588592549348,17.49426419945847,2.2676756069091226,-0.5838846932493468,0.2534220361690375,1.1333377997407565,0.007963385977895164,0.0022945697124797733,0.22981401797657028,0.07507302562732077
BG,m,13.023260835249422,14.530919340085598,1.5076585048361757,-0.3508801638152946,0.14307169657670302,0.6398360784034638,0.003373021173529181,0.0016058367792859108,0.6636634850736818,0.48643265056732726
BG,f,15.923394289551293,18.641976970663073,2.71858268111178,-0.5649616948609696,0.18051850514928078,0.8073032974208754,0.0072141216701277905,0.0019373069595082961,0.3421671900553388,0.19356682104402687
EE,m,12.83533664424787,15.909355387597047,3.0740187433491784,-0.8137098744917557,0.19478547079074918,0.8711071074348298,0.020364149793083382,0.002434656519325502,1.0724304805273832,0.47809278337564154
EE,f,17.5329485594915,21.137820350860135,3.604871791368634,-1.0300284817299887,0.17808216245862982,0.7964076416753147,0.021574652534046425,0.0025023764535870444,0.8207034934957232,0.811654600738722
SI,m,14.378137485268624,18.0682416913103,3.690104206041674,-0.8815285970657623,0.21427729553173566,0.9582771976875458,0.01826293098864506,0.0019406758798917079,0.4823463240127674,0.42563853519691763
SI,f,18.818965285425346,21.772791742336477,2.9538264569111305,-0.7854106458008621,0.2206986630489806,0.9869944262416832,0.013618584251515006,0.0017770551309494497,0.29458980087406983,0.1939274489731198
HR,m,13.332903622942842,15.940549810755622,2.6076461878127795,-0.5837706084577746,0.20177734776687697,0.9023757318527047,0.010060699518032089,0.0038998961932351786,0.34565417586006086,0.09644078410290134
HR,f,16.88852137406383,19.49607893576173,2.6075575616978988,-0.6476807254336189,0.26116654175015086,1.1679722816037486,0.00836780578712968,0.005090783498860968,0.3521177328536362,0.1042364385659497
LT,m,13.355302458935176,15.359367759244538,2.004065300309362,-0.519643791392135,0.22179099477828057,0.9918794822430725,0.011737961740113531,0.002524433635527097,1.1259025767747326,0.46314455697702583
LT,f,18.052753552241597,20.311889181681757,2.259135629440159,-0.7037126579273686,0.20919278989040002,0.9355385971955306,0.013208443103033506,0.002856060823475996,0.7236632253266314,0.13901864213356685
