sex,year,e65_midyear,e65_janavg,delta
m,2003,13.290797724620035,13.282264957324276,-0.008532767295758248
m,2004,13.50456160746543,13.495899989360174,-0.008661618105255897
m,2005,13.473674316793636,13.465762893352636,-0.007911423440999599
m,2006,13.599385249627206,13.590072526977885,-0.009312722649321259
m,2007,13.362704044935867,13.354884200646172,-0.00781984428969551
m,2008,13.715730834226163,13.70814529957786,-0.007585534648303138
m,2009,13.964382851467288,13.955862369512355,-0.0085204819549336
m,2010,14.004243634442194,13.995908764020507,-0.008334870421686347
m,2011,14.101859384376436,14.094163954354745,-0.007695430021691152
m,2012,14.09663281057544,14.089621616443733,-0.0070111941317065885
m,2013,14.619549663292085,14.612361092881066,-0.007188570411019057
m,2014,14.741051240258233,14.732019914577785,-0.009031325680448177
m,2015,14.57532393333909,14.56758792864673,-0.007736004692359799
m,2016,14.736871797771533,14.72916648922226,-0.007705308549272871
m,2017,14.878981837200822,14.871910711636414,-0.007071125564408476
m,2018,15.215309960043106,15.207632280871056,-0.007677679172049423
m,2019,15.201856939196674,15.194702160888912,-0.007154778307761234
f,2003,15.226588592549348,15.21656570782213,-0.010022884727217019
f,2004,15.39700911387692,15.38772653949149,-0.009282574385428788
f,2005,15.254802669110921,15.24643874288609,-0.008363926224831175
f,2006,15.512649871761555,15.502499245469762,-0.010150626291792975
f,2007,15.175842180258035,15.168487971256127,-0.007354209001908529
f,2008,15.53376944594848,15.525735306192521,-0.008034139755958236
f,2009,15.714725246147964,15.707381708966336,-0.007343537181627724
f,2010,15.98504602967289,15.976870598868306,-0.008175430804584494
f,2011,15.839513671827962,15.8327736993241,-0.006739972503861935
f,2012,15.895117818965941,15.888853051872577,-0.006264767093364654
f,2013,16.419059040947396,16.41228559625027,-0.006773444697124376
f,2014,16.28781006042661,16.28049083943565,-0.007319220990961384
f,2015,16.238935667049812,16.23340585271128,-0.005529814338533612
f,2016,16.506915574110653,16.500704813086763,-0.006210761023890399
f,2017,16.610576736008195,16.604691264307785,-0.005885471700409539
f,2018,17.06519625119059,17.060065934190238,-0.005130317000350715
f,2019,16.901272877597986,16.896047096121688,-0.0052257814762981525
