metric,sex,year,age_band,e65_revised,e65_prerevision,delta_e65_revised_minus_prerevision,delta_logm,drift_revised_per_yr,drift_prerevision_per_yr,drift_inflation_pct
e65,m,2003,,13.289866123954521,13.274959969588055,0.01490615436646614,,,,
logm_agegroup,m,2003,55-64,,,,-0.0002569634955023048,,,
logm_agegroup,m,2003,65-74,,,,-0.000542708449073448,,,
logm_agegroup,m,2003,75-84,,,,-0.003756325249130388,,,
logm_agegroup,m,2003,85-89,,,,-0.007138886585668969,,,
e65,m,2004,,13.504437470753837,13.479744650677503,0.024692820076333888,,,,
logm_agegroup,m,2004,55-64,,,,-0.0016178962320987367,,,
logm_agegroup,m,2004,65-74,,,,-0.001854439188144763,,,
logm_agegroup,m,2004,75-84,,,,-0.006792544542110424,,,
logm_agegroup,m,2004,85-89,,,,-0.002373697852791956,,,
e65,m,2005,,13.47228932464709,13.436284987476116,0.036004337170973955,,,,
logm_agegroup,m,2005,55-64,,,,-0.0034819954977285406,,,
logm_agegroup,m,2005,65-74,,,,-0.0033530241669432748,,,
logm_agegroup,m,2005,75-84,,,,-0.012756910333420635,,,
logm_agegroup,m,2005,85-89,,,,0.007182550246189967,,,
e65,m,2006,,13.597529471802583,13.547471968430289,0.050057503372293866,,,,
logm_agegroup,m,2006,55-64,,,,-0.005378058501619876,,,
logm_agegroup,m,2006,65-74,,,,-0.004914970018768283,,,
logm_agegroup,m,2006,75-84,,,,-0.01790719914309724,,,
logm_agegroup,m,2006,85-89,,,,0.01167175270670251,,,
e65,m,2007,,13.362003103113821,13.298447606974587,0.06355549613923372,,,,
logm_agegroup,m,2007,55-64,,,,-0.006509653318746977,,,
logm_agegroup,m,2007,65-74,,,,-0.006435781448783651,,,
logm_agegroup,m,2007,75-84,,,,-0.023497414675163864,,,
logm_agegroup,m,2007,85-89,,,,0.019641952638687066,,,
e65,m,2008,,13.715569235388372,13.993247162531748,-0.277677927143376,,,,
logm_agegroup,m,2008,55-64,,,,0.01650516140584113,,,
logm_agegroup,m,2008,65-74,,,,0.008314656961305733,,,
logm_agegroup,m,2008,75-84,,,,0.048265802179197514,,,
logm_agegroup,m,2008,85-89,,,,0.15570403455448156,,,
e65,m,2009,,13.96342209917701,13.847296158167245,0.11612594100976459,,,,
logm_agegroup,m,2009,55-64,,,,-0.008694616940892352,,,
logm_agegroup,m,2009,65-74,,,,-0.010168092169129395,,,
logm_agegroup,m,2009,75-84,,,,-0.03408460846493222,,,
logm_agegroup,m,2009,85-89,,,,-0.0014633116285889258,,,
e65,m,2010,,14.003317317915917,13.8629270801881,0.14039023772781611,,,,
logm_agegroup,m,2010,55-64,,,,-0.009554682405142678,,,
logm_agegroup,m,2010,65-74,,,,-0.012229211440923926,,,
logm_agegroup,m,2010,75-84,,,,-0.038131889546788145,,,
logm_agegroup,m,2010,85-89,,,,-0.010331506039839011,,,
e65,m,2011,,14.100899774323102,13.9365981561952,0.1643016181279009,,,,
logm_agegroup,m,2011,55-64,,,,-0.009040836237583783,,,
logm_agegroup,m,2011,65-74,,,,-0.014935995703806437,,,
logm_agegroup,m,2011,75-84,,,,-0.04087380666552809,,,
logm_agegroup,m,2011,85-89,,,,-0.020909655729951737,,,
e65,m,2012,,14.097086989187037,13.907006628051992,0.19008036113504545,,,,
logm_agegroup,m,2012,55-64,,,,-0.0077952315667131344,,,
logm_agegroup,m,2012,65-74,,,,-0.019150782855780424,,,
logm_agegroup,m,2012,75-84,,,,-0.0423804231777023,,,
logm_agegroup,m,2012,85-89,,,,-0.0416142061408582,,,
e65,m,2013,,14.619221703772789,14.399445574544764,0.21977612922802514,,,,
logm_agegroup,m,2013,55-64,,,,-0.006005358463033517,,,
logm_agegroup,m,2013,65-74,,,,-0.02269200544488914,,,
logm_agegroup,m,2013,75-84,,,,-0.04334639637050808,,,
logm_agegroup,m,2013,85-89,,,,-0.05628376815915459,,,
e65,m,2014,,14.743345144099981,14.49486325265525,0.24848189144473132,,,,
logm_agegroup,m,2014,55-64,,,,-0.002920517141984824,,,
logm_agegroup,m,2014,65-74,,,,-0.02424552604892849,,,
logm_agegroup,m,2014,75-84,,,,-0.04358334785400064,,,
logm_agegroup,m,2014,85-89,,,,-0.06787046197078528,,,
e65,m,2015,,14.575199918531911,14.31080033000117,0.2643995885307415,,,,
logm_agegroup,m,2015,55-64,,,,0.00243121954265213,,,
logm_agegroup,m,2015,65-74,,,,-0.026250802813556184,,,
logm_agegroup,m,2015,75-84,,,,-0.044894672156592375,,,
logm_agegroup,m,2015,85-89,,,,-0.0813544973737843,,,
e65,m,2016,,14.736883102075172,14.453302407333618,0.2835806947415538,,,,
logm_agegroup,m,2016,55-64,,,,0.008491538766583595,,,
logm_agegroup,m,2016,65-74,,,,-0.02876120068081045,,,
logm_agegroup,m,2016,75-84,,,,-0.045759528548722894,,,
logm_agegroup,m,2016,85-89,,,,-0.08925397699995452,,,
e65,m,2017,,14.877730743301692,14.572885323582115,0.3048454197195767,,,,
logm_agegroup,m,2017,55-64,,,,0.016044695028427647,,,
logm_agegroup,m,2017,65-74,,,,-0.03027566064704601,,,
logm_agegroup,m,2017,75-84,,,,-0.04805149017167931,,,
logm_agegroup,m,2017,85-89,,,,-0.09810592133399165,,,
e65,m,2018,,15.21232162984007,14.868421131340913,0.34390049849915627,,,,
logm_agegroup,m,2018,55-64,,,,0.025774484423920718,,,
logm_agegroup,m,2018,65-74,,,,-0.030107267440008467,,,
logm_agegroup,m,2018,75-84,,,,-0.0508335693038493,,,
logm_agegroup,m,2018,85-89,,,,-0.11770831117863656,,,
e65,m,2019,,15.20054812951121,14.828339133949141,0.3722089955620689,,,,
logm_agegroup,m,2019,55-64,,,,0.0369552363697041,,,
logm_agegroup,m,2019,65-74,,,,-0.029663201635210523,,,
logm_agegroup,m,2019,75-84,,,,-0.05334068368350531,,,
logm_agegroup,m,2019,85-89,,,,-0.14511766168061202,,,
e65,m,2020,,13.33853627494532,13.015246537582,0.3232897373633197,,,,
logm_agegroup,m,2020,55-64,,,,0.05049653761755124,,,
logm_agegroup,m,2020,65-74,,,,-0.027252253402107574,,,
logm_agegroup,m,2020,75-84,,,,-0.053826391587303846,,,
logm_agegroup,m,2020,85-89,,,,-0.17481466949687463,,,
e65,f,2003,,15.216241534870925,15.201069837961253,0.015171696909671795,,,,
logm_agegroup,f,2003,55-64,,,,-0.00018810347854003595,,,
logm_agegroup,f,2003,65-74,,,,-0.0008842134090798481,,,
logm_agegroup,f,2003,75-84,,,,-0.0021260804937179856,,,
logm_agegroup,f,2003,85-89,,,,-0.006938652438660098,,,
e65,f,2004,,15.396494901237228,15.363200254025369,0.03329464721185893,,,,
logm_agegroup,f,2004,55-64,,,,-0.00033091216584324457,,,
logm_agegroup,f,2004,65-74,,,,-0.001820944333114749,,,
logm_agegroup,f,2004,75-84,,,,-0.005025793587508431,,,
logm_agegroup,f,2004,85-89,,,,-0.01291420905893692,,,
e65,f,2005,,15.251990936672708,15.222750401872288,0.029240534800420548,,,,
logm_agegroup,f,2005,55-64,,,,-0.0014822645121119749,,,
logm_agegroup,f,2005,65-74,,,,-0.0021538762931321287,,,
logm_agegroup,f,2005,75-84,,,,-0.009612337649864688,,,
logm_agegroup,f,2005,85-89,,,,0.0022994990232945156,,,
e65,f,2006,,15.51125860835542,15.478101548504878,0.033157059850541515,,,,
logm_agegroup,f,2006,55-64,,,,-0.0021978407205907047,,,
logm_agegroup,f,2006,65-74,,,,-0.001574215440476312,,,
logm_agegroup,f,2006,75-84,,,,-0.013807294658344293,,,
logm_agegroup,f,2006,85-89,,,,0.007102049900223006,,,
e65,f,2007,,15.175884356494498,15.14206373984863,0.03382061664586722,,,,
logm_agegroup,f,2007,55-64,,,,-0.001691721312690575,,,
logm_agegroup,f,2007,65-74,,,,-0.0025884933979587466,,,
logm_agegroup,f,2007,75-84,,,,-0.016248614423746588,,,
logm_agegroup,f,2007,85-89,,,,0.016006268742402074,,,
e65,f,2008,,15.53242589203059,15.875263343386251,-0.34283745135566157,,,,
logm_agegroup,f,2008,55-64,,,,0.016259705638344002,,,
logm_agegroup,f,2008,65-74,,,,0.008114979139095535,,,
logm_agegroup,f,2008,75-84,,,,0.04711106366183637,,,
logm_agegroup,f,2008,85-89,,,,0.15730785520229862,,,
e65,f,2009,,15.712893816969824,15.681915774590692,0.030978042379132376,,,,
logm_agegroup,f,2009,55-64,,,,-0.0019802114308076213,,,
logm_agegroup,f,2009,65-74,,,,-0.0032063412143719106,,,
logm_agegroup,f,2009,75-84,,,,-0.024235273866149765,,,
logm_agegroup,f,2009,85-89,,,,0.03660750346779307,,,
e65,f,2010,,15.981554024542554,15.945613818978108,0.03594020556444555,,,,
logm_agegroup,f,2010,55-64,,,,-0.0019211267262235765,,,
logm_agegroup,f,2010,65-74,,,,-0.0029089536121338355,,,
logm_agegroup,f,2010,75-84,,,,-0.027246839639181175,,,
logm_agegroup,f,2010,85-89,,,,0.03544054725031387,,,
e65,f,2011,,15.838878802465889,15.789634104429291,0.049244698036597256,,,,
logm_agegroup,f,2011,55-64,,,,-0.0012238284235115415,,,
logm_agegroup,f,2011,65-74,,,,-0.003729498223987715,,,
logm_agegroup,f,2011,75-84,,,,-0.028122989053091185,,,
logm_agegroup,f,2011,85-89,,,,0.029991617878004195,,,
e65,f,2012,,15.893422330050011,15.828844061869297,0.0645782681807141,,,,
logm_agegroup,f,2012,55-64,,,,-0.000344968022711889,,,
logm_agegroup,f,2012,65-74,,,,-0.005770971714889939,,,
logm_agegroup,f,2012,75-84,,,,-0.02888696634595611,,,
logm_agegroup,f,2012,85-89,,,,0.023775002429117675,,,
e65,f,2013,,16.41865718214041,16.344423332559153,0.07423384958125823,,,,
logm_agegroup,f,2013,55-64,,,,-4.0823847268001145e-05,,,
logm_agegroup,f,2013,65-74,,,,-0.0068422403940267,,,
logm_agegroup,f,2013,75-84,,,,-0.02854757779439332,,,
logm_agegroup,f,2013,85-89,,,,0.012693342560477161,,,
e65,f,2014,,16.286750859999657,16.19356679867872,0.0931840613209367,,,,
logm_agegroup,f,2014,55-64,,,,0.0016152940872888877,,,
logm_agegroup,f,2014,65-74,,,,-0.006419779983300344,,,
logm_agegroup,f,2014,75-84,,,,-0.028047809437042215,,,
logm_agegroup,f,2014,85-89,,,,-0.004075593857059356,,,
e65,f,2015,,16.23760973696829,16.136301870524832,0.10130786644345946,,,,
logm_agegroup,f,2015,55-64,,,,0.005701241886772124,,,
logm_agegroup,f,2015,65-74,,,,-0.00797602569947653,,,
logm_agegroup,f,2015,75-84,,,,-0.027328816160264502,,,
logm_agegroup,f,2015,85-89,,,,-0.008099887969982289,,,
e65,f,2016,,16.505496110062506,16.401884956862503,0.1036111532000028,,,,
logm_agegroup,f,2016,55-64,,,,0.00971934805666752,,,
logm_agegroup,f,2016,65-74,,,,-0.009737173706238167,,,
logm_agegroup,f,2016,75-84,,,,-0.02678836697349496,,,
logm_agegroup,f,2016,85-89,,,,-0.00561171125447224,,,
e65,f,2017,,16.61062574717527,16.499100320315236,0.11152542686003386,,,,
logm_agegroup,f,2017,55-64,,,,0.014988449589877995,,,
logm_agegroup,f,2017,65-74,,,,-0.009843367014118698,,,
logm_agegroup,f,2017,75-84,,,,-0.02827296481621433,,,
logm_agegroup,f,2017,85-89,,,,-0.007469259768985159,,,
e65,f,2018,,17.063512134774395,16.938946528481964,0.12456560629243185,,,,
logm_agegroup,f,2018,55-64,,,,0.022303805130048815,,,
logm_agegroup,f,2018,65-74,,,,-0.009393305539742158,,,
logm_agegroup,f,2018,75-84,,,,-0.030501906061180417,,,
logm_agegroup,f,2018,85-89,,,,-0.014981777905570537,,,
e65,f,2019,,16.901497980473767,16.765194639721525,0.13630334075224226,,,,
logm_agegroup,f,2019,55-64,,,,0.029644953503751736,,,
logm_agegroup,f,2019,65-74,,,,-0.008612067128008327,,,
logm_agegroup,f,2019,75-84,,,,-0.030626770388300528,,,
logm_agegroup,f,2019,85-89,,,,-0.025755800008441687,,,
e65,f,2020,,15.724147691760606,15.599434971212792,0.12471272054781402,,,,
logm_agegroup,f,2020,55-64,,,,0.03783984358210546,,,
logm_agegroup,f,2020,65-74,,,,-0.006237408951463408,,,
logm_agegroup,f,2020,75-84,,,,-0.027149654255947286,,,
logm_agegroup,f,2020,85-89,,,,-0.03198966635407596,,,
e65_drift_2003_2019_excl2008,m,,,,,,,0.12355509775599845,0.10059702708463422,0.2282181823529353
e65_drift_2003_2019_excl2008,f,,,,,,,0.11219877272976551,0.10487535038070774,0.06982977718284651
