age,2003,2004,2005,2006,2007,2008,2009,2010,2011,2012,2013,2014,2015,2016,2017,2018,2019,2020,2021,2022,2023
0,11959,12017,11636,11345,11488,11558,11768,12121,11863,11689,11861,11869,11869,11749,11393,11135,10741,9844,9017,8780,8840
1,12197,11886,11905,11529,11255,11378,11412,11624,12025,11791,11625,11809,11825,11832,11689,11304,10973,10439,9741,8897,8808
2,12855,12139,11803,11794,11423,11159,11256,11282,11537,11955,11723,11568,11753,11764,11772,11599,11180,10774,10338,9655,8886
3,12827,12748,12035,11719,11688,11320,11044,11137,11200,11468,11881,11665,11513,11691,11699,11704,11482,11029,10557,10295,9650
4,12829,12713,12606,11939,11639,11578,11198,10939,11061,11134,11399,11822,11612,11468,11635,11625,11617,11356,11023,10698,10296
5,13265,12688,12536,12470,11850,11564,11465,11086,10868,11008,11074,11346,11771,11550,11400,11560,11533,11509,11350,10957,10692
6,13837,13124,12505,12378,12338,11754,11464,11355,11013,10820,10955,11024,11295,11718,11490,11330,11468,11419,11494,11271,10935
7,14560,13678,12923,12332,12226,12206,11652,11377,11284,10952,10764,10909,10977,11249,11664,11422,11241,11348,11494,11445,11273
8,15058,14381,13454,12739,12167,12076,12060,11547,11326,11234,10904,10721,10867,10925,11189,11594,11330,11134,11268,11363,11442
9,15302,14875,14143,13251,12560,11996,11901,11914,11476,11269,11170,10859,10682,10826,10873,11123,11502,11224,10909,11291,11357
10,15608,15099,14614,13915,13051,12373,11801,11732,11816,11439,11239,11126,10819,10646,10780,10811,11038,11387,11144,11065,11276
11,16219,15381,14809,14369,13694,12853,12173,11615,11622,11743,11386,11206,11085,10772,10595,10721,10729,10924,11457,11149,11054
12,16376,15982,15069,14536,14133,13476,12628,11976,11495,11542,11673,11348,11175,11048,10729,10543,10648,10647,10868,11331,11155
13,16286,16131,15655,14777,14271,13894,13225,12409,11851,11405,11460,11616,11311,11142,11001,10674,10476,10551,10382,10889,11333
14,16663,16041,15799,15349,14492,14006,13627,12985,12263,11751,11313,11394,11565,11267,11095,10941,10604,10383,10572,10568,10863
15,17103,16417,15713,15487,15049,14210,13712,13367,12828,12157,11657,11245,11337,11514,11230,11048,10870,10528,10282,10496,10568
16,16896,16839,16068,15399,15183,14734,13874,13419,13190,12716,12058,11582,11177,11277,11458,11183,10993,10790,10612,10357,10508
17,16755,16623,16472,15739,15094,14884,14402,13564,13229,13054,12590,11968,11508,11106,11207,11387,11124,10932,10521,10479,10336
18,16946,16501,16274,16135,15424,14796,14545,14075,13365,13089,12928,12495,11887,11431,11030,11126,11300,11051,11346,10742,10462
19,16951,16693,16160,15936,15802,15101,14444,14210,13858,13214,12949,12819,12407,11814,11353,10938,11022,11183,10648,10882,10721
20,17052,16698,16344,15833,15612,15477,14740,14108,14000,13698,13062,12832,12724,12320,11724,11255,10824,10893,11171,10984,10881
21,16993,16816,16364,16013,15515,15289,15105,14393,13893,13841,13544,12937,12726,12626,12218,11619,11131,10688,10863,11098,10978
22,16764,16755,16501,16047,15690,15187,14911,14744,14163,13724,13679,13416,12826,12622,12512,12097,11484,10980,10560,10805,11094
23,16647,16541,16442,16197,15736,15374,14831,14563,14517,13988,13561,13549,13301,12714,12500,12385,11949,11310,10751,10603,10798
24,16389,16417,16227,16137,15894,15425,15013,14492,14337,14345,13831,13428,13426,13170,12582,12360,12226,11774,11265,10868,10584
25,16012,16182,16139,15948,15843,15587,15069,14665,14271,14165,14173,13689,13306,13304,13034,12429,12178,12038,11863,11215,10871
26,15938,15810,15891,15856,15672,15543,15247,14737,14443,14101,13996,14031,13567,13191,13174,12876,12237,11944,11809,11671,11183
27,15990,15740,15547,15627,15586,15396,15213,14920,14521,14270,13930,13851,13903,13439,13054,13009,12669,11990,11775,11873,11635
28,15628,15796,15486,15304,15371,15318,15086,14905,14713,14358,14103,13793,13723,13771,13297,12892,12804,12447,11947,11817,11879
29,15288,15445,15539,15242,15063,15111,15014,14794,14707,14558,14197,13963,13666,13591,13621,13130,12685,12548,12135,11869,11797
30,15220,15125,15213,15304,15011,14826,14818,14728,14605,14546,14398,14066,13842,13541,13440,13451,12919,12420,12387,12272,11835
31,15070,15053,14897,14988,15074,14773,14544,14535,14535,14456,14395,14270,13943,13706,13391,13266,13223,12649,12341,12372,12242
32,14755,14914,14834,14683,14764,14844,14515,14291,14361,14398,14316,14266,14149,13823,13570,13223,13039,12952,12594,12267,12369
33,14893,14617,14709,14628,14475,14542,14580,14258,14118,14214,14251,14201,14154,14025,13682,13404,13006,12766,12727,12495,12258
34,15134,14756,14436,14516,14420,14266,14289,14326,14094,13988,14072,14134,14093,14034,13883,13511,13184,12727,12509,12764,12463
35,15050,14991,14572,14270,14332,14213,14025,14057,14163,13957,13853,13959,14023,13978,13897,13724,13301,12897,12528,12571,12741
36,15214,14907,14794,14398,14102,14128,13968,13798,13897,14021,13820,13742,13849,13913,13852,13737,13509,13068,12610,12531,12564
37,15403,15091,14740,14623,14229,13929,13909,13743,13650,13774,13894,13715,13645,13735,13782,13697,13527,13229,13115,12787,12543
38,15445,15293,14950,14588,14456,14067,13749,13704,13593,13536,13659,13793,13621,13537,13605,13627,13497,13296,13126,12830,12709
39,15264,15323,15134,14802,14433,14282,13867,13561,13562,13472,13423,13549,13692,13521,13415,13454,13429,13238,13013,13106,12833
40,14765,15163,15181,14983,14652,14285,14100,13684,13437,13463,13368,13324,13457,13585,13397,13276,13268,13195,13007,13076,13039
41,14650,14667,15030,15037,14836,14504,14101,13915,13556,13331,13349,13270,13229,13355,13465,13256,13098,13040,13166,13099,13059
42,15072,14542,14530,14902,14893,14681,14335,13930,13789,13453,13227,13249,13162,13120,13234,13327,13092,12880,12943,13014,13047
43,15208,14983,14436,14411,14768,14751,14516,14166,13805,13675,13339,13135,13163,13064,13008,13100,13152,12874,12638,12863,12987
44,14966,15116,14878,14322,14281,14629,14590,14356,14051,13703,13562,13239,13050,13054,12936,12877,12936,12949,12653,12708,12825
45,14838,14893,15016,14765,14208,14155,14475,14426,14229,13944,13601,13465,13141,12954,12939,12798,12709,12727,12916,12693,12663
46,14789,14755,14795,14909,14652,14091,14004,14315,14298,14125,13837,13496,13365,13037,12842,12809,12631,12485,12398,12763,12643
47,14713,14717,14667,14697,14801,14532,13954,13856,14194,14176,14011,13737,13393,13264,12929,12725,12655,12425,12372,12509,12705
48,14653,14623,14636,14572,14592,14682,14395,13814,13736,14085,14071,13906,13639,13296,13153,12806,12573,12480,12324,12306,12476
49,14295,14554,14530,14540,14462,14483,14548,14258,13701,13626,13967,13954,13801,13531,13187,13029,12651,12375,12295,12232,12239
50,14016,14196,14459,14422,14430,14349,14349,14405,14137,13585,13501,13849,13833,13694,13422,13055,12865,12459,12168,12252,12149
51,13095,13905,14094,14359,14321,14335,14233,14214,14286,14038,13483,13378,13723,13713,13568,13289,12901,12672,12485,12184,12187
52,12475,12999,13801,13985,14251,14204,14210,14112,14097,14168,13929,13379,13252,13596,13587,13429,13135,12729,12150,12214,12112
53,12343,12388,12895,13664,13854,14126,14073,14087,13987,13960,14026,13799,13258,13112,13448,13435,13254,12936,12618,12433,12128
54,12103,12260,12291,12768,13541,13753,14007,13941,13963,13867,13843,13894,13663,13138,12985,13295,13261,12995,12759,12426,12316
55,11569,11990,12154,12167,12643,13430,13632,13866,13797,13822,13714,13694,13757,13522,12993,12840,13129,13086,12577,12561,12305
56,9915,11445,11859,12043,12045,12512,13298,13497,13733,13649,13673,13572,13555,13600,13362,12848,12669,12899,13076,12770,12499
57,8984,9808,11334,11731,11911,11904,12368,13146,13345,13598,13504,13515,13414,13389,13428,13188,12667,12447,12674,12720,12631
58,8997,8878,9695,11189,11574,11777,11780,12234,12996,13185,13429,13343,13359,13273,13248,13253,12992,12485,12133,12522,12569
59,8948,8874,8752,9576,11043,11439,11651,11632,12076,12829,13017,13256,13161,13167,13085,13067,13058,12708,12445,12116,12396
60,9120,8827,8745,8627,9447,10883,11287,11495,11473,11933,12677,12849,13069,12977,12981,12902,12882,12861,12340,11960,11895
61,8717,8990,8704,8612,8492,9315,10718,11106,11322,11306,11739,12467,12641,12859,12778,12778,12696,12622,12643,12333,11821
62,8593,8570,8837,8547,8456,8360,9185,10556,10941,11145,11117,11535,12257,12433,12645,12572,12568,12426,12326,12330,12086
63,8730,8432,8410,8676,8387,8298,8213,9041,10369,10755,10963,10926,11343,12041,12210,12419,12338,12204,12006,12075,12117
64,8024,8548,8264,8264,8509,8210,8139,8069,8869,10156,10546,10757,10728,11138,11815,11989,12186,12067,11860,11775,11862
65,7730,7842,8365,8072,8064,8317,8029,7953,7883,8683,9946,10331,10542,10489,10889,11578,11755,11904,11498,11697,11588
66,7999,7513,7625,8144,7871,7865,8115,7844,7769,7707,8499,9738,10100,10305,10256,10642,11323,11456,11630,11409,11406
67,8050,7774,7298,7404,7915,7665,7673,7900,7636,7574,7533,8319,9510,9843,10058,10010,10374,10995,11176,11164,11094
68,7819,7780,7528,7065,7182,7659,7419,7450,7664,7408,7371,7336,8092,9261,9591,9812,9769,10013,10678,10735,10855
69,7576,7543,7512,7301,6838,6946,7411,7182,7230,7431,7193,7161,7115,7853,8995,9327,9567,9502,9384,10224,10433
70,6961,7280,7263,7238,7016,6561,6673,7140,6947,6993,7196,6965,6917,6896,7636,8731,9061,9173,9245,9350,9942
71,6111,6686,6988,6956,6938,6720,6278,6408,6865,6711,6765,6941,6717,6669,6673,7398,8442,8686,8849,8650,8984
72,5783,5831,6387,6659,6608,6621,6450,6007,6137,6589,6452,6505,6668,6465,6424,6426,7140,8169,8124,8387,8361
73,5310,5491,5532,6076,6315,6244,6293,6150,5715,5838,6287,6168,6208,6363,6179,6179,6202,6741,7805,7981,8093
74,4629,5002,5184,5215,5726,5964,5925,5988,5826,5416,5552,5993,5901,5928,6068,5907,5911,5872,6439,7173,7563
75,4350,4342,4674,4847,4859,5359,5615,5591,5678,5500,5096,5241,5672,5599,5627,5756,5623,5622,4969,6041,6899
76,3953,4029,4024,4354,4518,4517,5003,5265,5257,5348,5180,4796,4942,5351,5278,5317,5449,5277,5243,5200,5739
77,3408,3660,3710,3699,4019,4183,4201,4654,4889,4875,4971,4851,4505,4642,5044,4982,5024,5072,4865,4836,4842
78,2986,3119,3355,3388,3379,3671,3834,3867,4295,4509,4504,4618,4513,4188,4311,4703,4668,4665,4482,4457,4477
79,2768,2707,2840,3039,3066,3067,3344,3504,3525,3912,4118,4136,4247,4166,3873,4011,4392,4272,4282,4227,4114
80,2456,2451,2413,2551,2721,2758,2773,3018,3150,3164,3560,3767,3760,3870,3794,3536,3694,4009,3913,3792,3877
81,2051,2175,2191,2152,2265,2406,2462,2483,2692,2809,2834,3210,3385,3384,3497,3440,3209,3267,3641,3467,3471
82,1706,1789,1890,1901,1877,1989,2139,2173,2165,2355,2457,2499,2844,2999,3017,3146,3100,2831,2728,3085,3095
83,1383,1465,1539,1622,1640,1647,1755,1880,1897,1876,2041,2144,2199,2501,2635,2666,2782,2701,2444,2502,2782
84,909,1181,1249,1295,1379,1406,1418,1505,1596,1597,1610,1786,1859,1897,2165,2302,2356,2412,2214,2069,2180
85,587,764,992,1060,1097,1157,1196,1192,1255,1336,1333,1366,1542,1596,1606,1856,1992,2000,1992,1923,1752
86,457,478,623,812,857,884,958,1003,1000,1052,1117,1117,1133,1268,1325,1337,1574,1682,1581,1684,1635
87,415,365,382,505,654,688,715,789,827,813,861,920,912,929,1060,1114,1126,1271,1362,1346,1395
88,457,328,283,304,388,511,552,553,618,654,641,704,749,736,759,874,921,907,1042,1061,1092
89,395,353,253,222,239,307,404,428,426,479,512,506,563,594,581,604,711,738,666,785,872
90,297,296,273,197,167,174,231,308,328,314,353,393,391,432,452,453,474,534,532,512,616
91,206,207,213,199,142,120,119,163,233,241,217,253,289,290,322,345,351,348,398,393,395
92,140,149,154,153,138,96,83,91,120,169,175,155,184,210,213,228,243,248,244,263,287
93,106,95,104,107,106,99,66,55,63,84,111,125,118,131,146,151,162,178,174,157,198
94,64,73,63,65,68,69,69,46,37,41,56,82,86,80,95,107,112,117,124,98,109
95,49,44,44,44,46,47,50,48,27,20,25,34,55,55,45,62,73,74,82,66,64
96,33,33,29,32,28,30,30,34,34,17,12,19,24,35,32,29,43,49,36,41,50
97,23,23,23,20,23,19,22,24,25,25,10,7,13,17,27,26,26,34,37,25,20
98,17,16,16,17,15,12,13,14,14,17,17,10,6,11,14,20,16,17,20,16,20
99,18,10,10,13,14,11,11,10,12,10,10,12,6,7,12,16,17,11,12,5,13
100,9,18,20,18,18,20,22,20,17,14,11,13,11,7,5,8,17,23,20,2,20
