check,sex,value
zero_cells_full_0_100,m,23.0
D_gt_E_full_0_100,m,2.0
zero_cells_fit_55_89,m,0.0
D_gt_E_fit_55_89,m,0.0
zero_cells_full_0_100,f,64.0
D_gt_E_full_0_100,f,0.0
zero_cells_fit_55_89,f,0.0
D_gt_E_fit_55_89,f,0.0
whipple_index_23_62_pop_pooled_2003_2023,m,100.10915105964897
myers_blended_index_60_99_pop_pooled_2003_2023,m,0.39731489781069396
whipple_index_23_62_deaths_pooled_2003_2023_excl2022,m,100.71727753212886
myers_blended_index_60_99_deaths_pooled_2003_2023_excl2022,m,0.5163847356779057
heaping_detrended_excess_pct_pop_55_95_deg4,m,-0.020679553294899667
whipple_index_23_62_pop_pooled_2003_2023,f,100.09858408319401
myers_blended_index_60_99_pop_pooled_2003_2023,f,0.23280561670979516
whipple_index_23_62_deaths_pooled_2003_2023_excl2022,f,98.71517855825394
myers_blended_index_60_99_deaths_pooled_2003_2023_excl2022,f,0.5899806039069775
heaping_detrended_excess_pct_pop_55_95_deg4,f,-0.0645993284110611
logm_yoy_jump_gt_3sd_count_55_89,m,5.0
logm_yoy_diff_mean_55_89,m,0.0061532018201801795
logm_yoy_diff_sd_55_89,m,0.12229213287159223
logm_diff_covid_2019_2020_mean_55_89,m,0.27420166754364006
logm_diff_covid_census_2020_2021_mean_55_89,m,0.08568231053723822
logm_yoy_jump_gt_3sd_count_55_89,f,3.0
logm_yoy_diff_mean_55_89,f,0.005059843389661733
logm_yoy_diff_sd_55_89,f,0.13034727054599027
logm_diff_covid_2019_2020_mean_55_89,f,0.1896385013460488
logm_diff_covid_census_2020_2021_mean_55_89,f,0.13167120321633036
deaths_total_reconciliation_max_abs_diff,both,19.0
deaths_total_reconciliation_max_rel_diff_pct,both,0.13655311197355183
deaths_total_reconciliation_2005_2009_extension_max_rel_diff_pct,total_only,0.0
deaths_total_reconciliation_2003_2004_uncontrolled,both,1.0
splice_ratio_2020_2021_min,both,0.9973211792847926
splice_ratio_2020_2021_max,both,1.0040935337016277
splice_ratio_2020_2021_band_total_55_89,m,0.9973211792847926
splice_cohort_ratio_2020_2021_55_88,m,0.9950602468939299
splice_cohort_control_within_vintage_2019_2020,m,0.9915629554092624
splice_cohort_control_within_vintage_2021_2022,m,1.0098010790055492
splice_ratio_2020_2021_band_total_55_89,f,1.0040935337016277
splice_cohort_ratio_2020_2021_55_88,f,0.996813580691734
splice_cohort_control_within_vintage_2019_2020,f,0.9941320699772599
splice_cohort_control_within_vintage_2021_2022,f,1.0052964233451602
splice_ratio_2020_2021_perage_min_55_89,both,0.883849163998577
splice_ratio_2020_2021_perage_max_55_89,both,1.161137440758294
