sex,age_band,D2022_A,D2022_B,rel_diff,within_5pct
m,55-64,1697.5036048054426,1763.0,0.03715053612850675,True
m,65-74,3407.425854470533,3350.0,0.01685314865918227,True
m,75-84,3884.6993537687213,3701.0,0.04728792038707095,True
m,85+,2293.228460304477,1957.1666666666667,0.14654527425199948,False
m,TOTAL_vs_MAKSTAT,12159.338800494472,11868.0,0.024548264281637328,False
f,55-64,934.4240315343459,963.0,0.02967390287191497,True
f,65-74,2317.432588286096,2305.0,0.005364811191893418,True
f,75-84,4012.758276666886,3954.0000000000005,0.0146428647368443,True
f,85+,2893.0540103472445,2777.346153846154,0.03999505577402013,True
f,TOTAL_vs_MAKSTAT,10627.613921437036,10591.0,0.0034570787873700283,True
