year,sex,eurostat_total,makstat_total,abs_diff,rel_diff_pct
2010,m,10168.0,10168.0,0.0,0.0
2011,m,10204.0,10204.0,0.0,0.0
2012,m,10523.0,10523.0,0.0,0.0
2013,m,10136.0,10136.0,0.0,0.0
2014,m,10210.0,10210.0,0.0,0.0
2015,m,10562.0,10562.0,0.0,0.0
2016,m,10744.0,10746.0,2.0,0.018611576400521124
2017,m,10554.0,10554.0,0.0,0.0
2018,m,10339.0,10339.0,0.0,0.0
2019,m,10616.0,10616.0,0.0,0.0
2020,m,13895.0,13914.0,19.0,0.13655311197355183
2021,m,15155.0,15155.0,0.0,0.0
2022,m,,11868.0,,
2023,m,10640.0,10640.0,0.0,0.0
2010,f,8945.0,8945.0,0.0,0.0
2011,f,9261.0,9261.0,0.0,0.0
2012,f,9611.0,9611.0,0.0,0.0
2013,f,9072.0,9072.0,0.0,0.0
2014,f,9508.0,9508.0,0.0,0.0
2015,f,9899.0,9899.0,0.0,0.0
2016,f,9673.0,9675.0,2.0,0.020671834625323
2017,f,9764.0,9764.0,0.0,0.0
2018,f,9388.0,9388.0,0.0,0.0
2019,f,9830.0,9830.0,0.0,0.0
2020,f,11828.0,11841.0,13.0,0.10978802466007939
2021,f,13361.0,13361.0,0.0,0.0
2022,f,,10591.0,,
2023,f,9547.0,9547.0,0.0,0.0
2005,t_total_only_region_file,18406.0,18406.0,0.0,0.0
2006,t_total_only_region_file,18630.0,18630.0,0.0,0.0
2007,t_total_only_region_file,19594.0,19594.0,0.0,0.0
2008,t_total_only_region_file,18982.0,18982.0,0.0,0.0
2009,t_total_only_region_file,19060.0,19060.0,0.0,0.0
2003,uncontrolled_no_source,,,,
2004,uncontrolled_no_source,,,,
