age_band,sex,members_2025,population_2025,population_2025_eligible_post1967,coverage_2025_raw_full_band,coverage_2025_eligible,balance_2025_density_mkd
65+,M,0,128767,0,0.0,0.0,395762.63971664006
65+,F,0,150921,0,0.0,0.0,359352.47686270927
61-64,M,0,46662,0,0.0,0.0,395762.63971664006
61-64,F,0,49635,0,0.0,0.0,359352.47686270927
56-60,M,9503,60768,36229,0.15638164823591363,0.2623036793728781,395762.63971664006
56-60,F,10466,63637,37855,0.16446406964501784,0.2764760269449214,359352.47686270927
51-55,M,26106,59514,59514,0.4386530900292368,0.4386530900292368,395762.63971664006
51-55,F,25624,61724,61724,0.415138357851079,0.415138357851079,359352.47686270927
46-50,M,40060,61553,61553,0.6508212434812276,0.6508212434812276,395762.63971664006
46-50,F,37414,61903,61903,0.6043972020742129,0.6043972020742129,359352.47686270927
41-45,M,56181,63197,63197,0.8889820719337943,0.8889820719337943,395762.63971664006
41-45,F,51489,62464,62464,0.8242987961065574,0.8242987961065574,359352.47686270927
36-40,M,62015,60807,60807,1.0198661338332757,1.0198661338332757,378149.08611834416
36-40,F,53714,59752,59752,0.8989489891551747,0.8989489891551747,343359.3701954564
31-35,M,55278,56914,56914,0.9712548757774888,0.9712548757774888,288409.1009582498
31-35,F,47699,55403,55403,0.8609461581502806,0.8609461581502806,261875.4636700909
26-30,M,45654,51658,51658,0.8837740524216965,0.8837740524216965,196984.85909415004
26-30,F,38797,49542,49542,0.7831133179928141,0.7831133179928141,178862.2520574882
21-25,M,31579,50375,50375,0.62687841191067,0.62687841191067,93426.39674431518
21-25,F,24000,48471,48471,0.4951414247694498,0.4951414247694498,84831.16824383817
<=20,M,6316,61958,61958,0.10194002388714936,0.10194002388714936,0.0
<=20,F,4992,58446,58446,0.08541217534134073,0.08541217534134073,0.0
