year,sex,birth_year,age_at_31_12_2025,population_at_retirement,chart53_band_used,legal_category,coverage_rate,coverage_rate_upper_bound,retiring_members,retiring_members_upper_bound,density_central_measured,avg_balance_mkd,avg_balance_mkd_floor,avg_balance_mkd_upper,cohort_balance_mkd,cohort_balance_mkd_floor,cohort_balance_mkd_upper
2026,M,1962,63,11180,61-64,pre-1967 (continuation declaration only),0.0,0.020625048541374008,0.0,230.5880426925614,0.56674568510084,499012.49824630475,395762.63971664006,624960.4861372676,0.0,0.0,0.0
2026,F,1964,61,12733,61-64,pre-1967 (continuation declaration only),0.0,0.019389664854187447,0.0,246.88860258836877,0.56674568510084,453103.3484076447,359352.47686270927,567464.1214126389,0.0,0.0,0.0
2027,M,1963,62,11186,61-64,pre-1967 (continuation declaration only),0.0,0.020625048541374008,0.0,230.71179298380966,0.56674568510084,562379.6096990878,450059.8197642339,699151.2584496096,0.0,0.0,0.0
2027,F,1965,60,12828,61-64,pre-1967 (continuation declaration only),0.0,0.019389664854187447,0.0,248.73062074951656,0.56674568510084,510640.68560677173,408654.3163459243,634829.3426722458,0.0,0.0,0.0
2028,M,1964,61,11433,61-64,pre-1967 (continuation declaration only),0.0,0.020625048541374008,0.0,235.80617997352903,0.56674568510084,631955.4093770336,509266.87269839377,779790.6355482868,0.0,0.0,0.0
2028,F,1966,59,12465,61-64,pre-1967 (continuation declaration only),0.0,0.019389664854187447,0.0,241.69217240744652,0.56674568510084,573815.5117143466,462414.3204101416,708049.8970778445,0.0,0.0,0.0
2029,M,1965,60,11497,61-64,pre-1967 (continuation declaration only),0.0,0.020625048541374008,0.0,237.12618308017696,0.56674568510084,707678.9462800025,573754.4417182164,867373.8664898637,0.0,0.0,0.0
2029,F,1967,58,12194,56-60,post-1967 (mandatory + voluntary),0.2764760269449214,0.2764760269449214,3371.3486725663715,3371.3486725663715,0.56674568510084,642572.4832222421,520969.0330801404,787575.4707727967,2166335888.338983,1756368258.1229174,2655191517.9357033
2030,M,1966,59,11437,61-64,pre-1967 (continuation declaration only),0.0,0.020625048541374008,0.0,235.88868016769453,0.56674568510084,790730.192883359,643277.3759111346,963224.4568296573,0.0,0.0,0.0
2030,F,1968,57,12207,56-60,post-1967 (mandatory + voluntary),0.2764760269449214,0.2764760269449214,3374.9428609166557,3374.9428609166557,0.56674568510084,717983.0151380901,584095.8573273104,874607.8068013291,2423151651.1997123,1971290143.7777996,2951751373.6661196
2031,M,1967,58,11152,56-60,post-1967 (mandatory + voluntary),0.2623036793728781,0.2623036793728781,2925.210632366336,2925.210632366336,0.56674568510084,881059.2444381467,718535.8963961768,1067621.9347401916,2577283869.5751176,2101868843.8749723,3123019034.849527
2031,F,1969,56,12114,56-60,post-1967 (mandatory + voluntary),0.2764760269449214,0.2764760269449214,3349.230590410778,3349.230590410778,0.56674568510084,800001.7939498372,652430.5939277284,969400.716744094,2679390480.680295,2185140503.3026204,3246746534.885453
2032,M,1968,57,10950,56-60,post-1967 (mandatory + voluntary),0.2623036793728781,0.2623036793728781,2872.225289133015,2872.225289133015,0.56674568510084,979559.4657167912,800908.436576124,1180810.0837292208,2813515469.641392,2300389465.813929,3391552584.1503406
2032,F,1970,55,11741,51-55,post-1967 (mandatory + voluntary),0.415138357851079,0.415138357851079,4874.139459529519,4874.139459529519,0.56674568510084,889439.9948708464,727224.8604111206,1072175.5560261325,4335254575.883725,3544595388.080689,5225933185.169975
2033,M,1969,56,10887,56-60,post-1967 (mandatory + voluntary),0.2623036793728781,0.2623036793728781,2855.7001573325238,2855.7001573325238,0.56674568510084,1086738.6432395354,890470.1786769311,1303889.9765137741,3103399714.4784746,2542915829.3476324,3723518811.0746856
2033,F,1971,54,11551,51-55,post-1967 (mandatory + voluntary),0.415138357851079,0.415138357851079,4795.263171537814,4795.263171537814,0.56674568510084,986758.6880614981,808546.9222386533,1183932.0986745069,4731767596.056272,3877195278.6712627,5677265990.375336
2034,M,1970,55,10629,51-55,post-1967 (mandatory + voluntary),0.4386530900292368,0.4386530900292368,4662.443693920758,4662.443693920758,0.56674568510084,1202958.552845741,987004.877819778,1438104.3059627358,5608726518.763666,4601854668.459852,6705080352.536246
2034,F,1972,53,11722,51-55,post-1967 (mandatory + voluntary),0.415138357851079,0.415138357851079,4866.251830730348,4866.251830730348,0.56674568510084,1092286.3659839327,896200.4290603584,1305798.709814164,5315340528.151112,4361136978.616293,6354345362.198503
2035,M,1971,54,10545,51-55,post-1967 (mandatory + voluntary),0.4386530900292368,0.4386530900292368,4625.596834358302,4625.596834358302,0.56674568510084,1328844.6748966454,1091639.507049933,1583396.6245500487,6146699721.555809,5049484248.070627,7324154414.052326
2035,F,1973,52,11652,51-55,post-1967 (mandatory + voluntary),0.415138357851079,0.415138357851079,4837.192145680772,4837.192145680772,0.56674568510084,1206590.964806154,991208.6724013392,1437724.1350914445,5836512338.009713,4794666804.870423,6954547893.920016
2036,M,1972,53,10548,51-55,post-1967 (mandatory + voluntary),0.4386530900292368,0.4386530900292368,4626.912793628389,4626.912793628389,0.56674568510084,1465226.0740813003,1204776.7545066294,1740594.5438035529,6779473267.724667,5574396978.892813,8053579163.244429
2036,F,1974,51,11557,51-55,post-1967 (mandatory + voluntary),0.415138357851079,0.415138357851079,4797.75400168492,4797.75400168492,0.56674568510084,1330425.2752658203,1093937.2930920194,1580459.845773626,6383053188.34935,5248442025.524605,7582657549.562745
2037,M,1973,52,10468,51-55,post-1967 (mandatory + voluntary),0.4386530900292368,0.4386530900292368,4591.820546426051,4591.820546426051,0.56674568510084,1611641.8075295321,1323720.0245576215,1911392.0897079462,7400369965.293324,6078284806.479282,8776769469.797173
2037,F,1975,50,11697,46-50,post-1967 (mandatory + voluntary),0.6043972020742129,0.6043972020742129,7069.634072662068,7069.634072662068,0.56674568510084,1463370.761236815,1201937.782298321,1735544.017454815,10345495794.577215,8497260298.956093,12269661120.403372
2038,M,1974,51,10468,51-55,post-1967 (mandatory + voluntary),0.4386530900292368,0.4386530900292368,4591.820546426051,4591.820546426051,0.56674568510084,1770047.1050895543,1448149.3280933597,2096016.914084424,8127738665.292167,6649641839.032169,9624533531.749386
2038,F,1976,49,11558,46-50,post-1967 (mandatory + voluntary),0.6043972020742129,0.6043972020742129,6985.622861573753,6985.622861573753,0.56674568510084,1607202.7714213147,1314919.5899087705,1903183.357988657,11227312423.22543,9185532348.39789,13294921175.332266
2039,M,1975,50,10579,46-50,post-1967 (mandatory + voluntary),0.6508212434812276,0.6508212434812276,6885.037934787907,6885.037934787907,0.56674568510084,1941826.4140383769,1580726.4802887484,2295491.078015783,13369548523.427393,10883361781.311802,15804543151.105852
2039,F,1977,48,11371,46-50,post-1967 (mandatory + voluntary),0.6043972020742129,0.6043972020742129,6872.600584785875,6872.600584785875,0.56674568510084,1763178.3839468458,1435299.6441021834,2084305.8988383303,12117620792.594906,9864241173.399624,14324601939.228958
2040,M,1976,49,10733,46-50,post-1967 (mandatory + voluntary),0.6508212434812276,0.6508212434812276,6985.264406284016,6985.264406284016,0.56674568510084,2127740.368784175,1722948.2726932417,2511505.8060952653,14862829063.881723,12035249243.112629,17543532113.492905
2040,F,1978,47,11095,46-50,post-1967 (mandatory + voluntary),0.6043972020742129,0.6043972020742129,6705.786957013392,6705.786957013392,0.56674568510084,1931988.2548560302,1564437.0316054635,2280447.271934501,12955501640.516632,10490781441.608664,15292193572.295147
