age_band,sex,category,members
65+,M,mandatory,0
65+,F,mandatory,0
65+,M,voluntary,0
65+,F,voluntary,0
61-64,M,mandatory,0
61-64,F,mandatory,0
61-64,M,voluntary,0
61-64,F,voluntary,0
56-60,M,mandatory,4992
56-60,F,mandatory,5714
56-60,M,voluntary,4511
56-60,F,voluntary,4752
51-55,M,mandatory,14256
51-55,F,mandatory,13895
51-55,M,voluntary,11850
51-55,F,voluntary,11729
46-50,M,mandatory,29654
46-50,F,mandatory,26647
46-50,M,voluntary,10406
46-50,F,voluntary,10767
41-45,M,mandatory,53835
41-45,F,mandatory,48421
41-45,M,voluntary,2346
41-45,F,voluntary,3068
36-40,M,mandatory,62015
36-40,F,mandatory,53714
36-40,M,voluntary,0
36-40,F,voluntary,0
31-35,M,mandatory,55278
31-35,F,mandatory,47699
31-35,M,voluntary,0
31-35,F,voluntary,0
26-30,M,mandatory,45654
26-30,F,mandatory,38797
26-30,M,voluntary,0
26-30,F,voluntary,0
21-25,M,mandatory,31579
21-25,F,mandatory,24000
21-25,M,voluntary,0
21-25,F,voluntary,0
<=20,M,mandatory,6316
<=20,F,mandatory,4992
<=20,M,voluntary,0
<=20,F,voluntary,0
