sex,age,year,pw_monthly_mkd,annuity_monthly_mkd_idxcpi,annuity_monthly_mkd_idx1pct,annuity_monthly_mkd_idx3pct,pw_over_annuity_idxcpi
m,64,2026,3256.02234685196,2856.0964407624633,3492.8443066379095,2898.3590453456604,1.1400253508185922
m,65,2027,3183.079617446923,2856.0964407624633,3420.0414442116225,2894.144272133815,1.1144860418638973
m,66,2028,3102.858870210788,2856.0964407624633,3348.7560432901,2889.935628015346,1.086398493386466
m,67,2029,3019.937119686912,2856.0964407624633,3278.9564747678155,2885.7331040773693,1.0573652474006479
m,68,2030,2934.6379770538824,2856.0964407624633,3210.611768798345,2881.5366914199612,1.0274996093165718
m,69,2031,2830.3442771728364,2856.0964407624633,3143.6916010531545,2877.3463811561414,0.9909834404671741
m,70,2032,2723.07178262924,2856.0964407624633,3078.166279266782,2873.1621644118522,0.953424311506193
m,71,2033,2626.0907064761695,2856.0964407624633,3014.0067300624814,2868.9840323259405,0.919468498681056
m,72,2034,2522.7349968206286,2856.0964407624633,2951.1844860524543,2864.8119760501395,0.8832807466918587
m,73,2035,2417.9507872319996,2856.0964407624633,2889.6716732069594,2860.6459867490485,0.8465928365452896
m,74,2036,2309.399146392567,2856.0964407624633,2829.440998486698,2856.4860556001163,0.8085858423520357
m,75,2037,2190.6906924833806,2856.0964407624633,2770.4657377329763,2852.3321737936208,0.767022661146048
m,76,2038,2061.656039326102,2856.0964407624633,2712.7197238102817,2848.1843325326504,0.7218439860440156
m,77,2039,1932.7739749988732,2856.0964407624633,2656.1773349960104,2844.0425230330875,0.6767187365994196
m,78,2040,1788.657727605894,2856.0964407624633,2600.8134836121862,2839.9067365235874,0.62625956955725
m,79,2041,1644.069221714309,2856.0964407624633,2546.603604894143,2835.7769642455596,0.5756350514814578
m,80,2042,1505.4728760908768,2856.0964407624633,2493.5236460912106,2831.6531974531517,0.5271085578920353
m,81,2043,1358.111548628184,2856.0964407624633,2441.5500557945934,2827.5354274132296,0.4755131966992062
m,82,2044,1208.955611037946,2856.0964407624633,2390.6597734876773,2823.423645405358,0.42328949183354725
m,83,2045,1060.0837253997931,2856.0964407624633,2340.830219314158,2819.317842721782,0.3711652415759439
m,84,2046,913.8323224877008,2856.0964407624633,2292.0392840594277,2815.218010667412,0.3199584963047481
m,85,2047,772.7090725620461,2856.0964407624633,2244.265319340787,2811.1241405598007,0.2705472621771006
m,86,2048,639.2691360420964,2856.0964407624633,2197.487128002128,2807.036223729127,0.22382617299555793
m,87,2049,515.9574156220408,2856.0964407624633,2151.683954708821,2802.954251518178,0.18065125822022343
m,88,2050,404.9269183137945,2856.0964407624633,2106.8354767386422,2798.87821528233,0.14177634639175393
m,89,2051,307.85125242520064,2856.0964407624633,2062.9217949646422,2794.8081063895293,0.1077874150296608
m,90,2052,225.75664826633138,2856.0964407624633,2019.9234250259706,2790.743916220277,0.07904377633903126
m,91,2053,158.9033411902927,2856.0964407624633,1977.8212886827243,2786.685636167605,0.05563654606420499
m,92,2054,106.74497106473075,2856.0964407624633,1936.596705350995,2782.6332576370655,0.03737442809747493
m,93,2055,67.98566357068194,2856.0964407624633,1896.231383814353,2778.5867720467063,0.023803700253389373
m,94,2056,40.73733682625873,2856.0964407624633,1856.7074141080916,2774.546170827055,0.014263291758937768
m,95,2057,22.757245775138813,2856.0964407624633,1818.0072595726344,2770.511445421102,0.007967954250544683
m,96,2058,11.723947720308601,2856.0964407624633,1780.1137490725746,2766.4825872842803,0.004104885098760453
m,97,2059,5.496873379230398,2856.0964407624633,1743.0100693778966,2762.4595878844484,0.0019246105631373404
m,98,2060,2.3073873975335486,2856.0964407624633,1706.6797577039995,2758.4424387018726,0.0008078814722788452
m,99,2061,0.8491466230674,2856.0964407624633,1671.1066944072122,2754.431131229209,0.0002973102066682005
m,100,2062,0.2664341756383792,2856.0964407624633,1636.2750958325587,2750.425656971483,9.328612711945117e-05
f,62,2026,2434.265678116044,2164.52355916542,2714.167630046344,2200.6152963238274,1.1246196271731175
f,63,2027,2407.3423061890826,2164.52355916542,2657.5950618970505,2197.4151771338265,1.112181152288907
f,64,2028,2379.309878674312,2164.52355916542,2602.2016602191184,2194.2197115345043,1.0992302987876499
f,65,2029,2352.408490993993,2164.52355916542,2547.96284713651,2191.0288927586425,1.0868019805249964
f,66,2030,2318.9181081736247,2164.52355916542,2494.8545570604697,2187.842714048862,1.071329576596401
f,67,2031,2284.4292135048754,2164.52355916542,2442.853226011706,2184.6611686576134,1.0553958647535755
f,68,2032,2246.0113632706175,2164.52355916542,2391.935781165121,2181.484249847156,1.0376469933811285
f,69,2033,2202.407566030645,2164.52355916542,2342.0796306124794,2178.3119508895497,1.0175022381737586
f,70,2034,2161.6487539163472,2164.52355916542,2293.262653338443,2175.144265066637,0.9986718531027765
f,71,2035,2115.2949781068396,2164.52355916542,2245.463189405553,2171.9811856700303,0.9772566203541062
f,72,2036,2062.670828285971,2164.52355916542,2198.6600303437795,2168.822706001097,0.9529445034459589
f,73,2037,2001.6251094639476,2164.52355916542,2152.8324097403947,2165.6688193709447,0.9247416601165194
f,74,2038,1938.3379761075105,2164.52355916542,2107.95999402598,2162.51951910041,0.895503293507639
f,75,2039,1873.1967766658884,2164.52355916542,2064.0228734524862,2159.374798520041,0.8654083568340281
f,76,2040,1797.8674827629968,2164.52355916542,2021.0015532593418,2156.2346509700847,0.8306065670434211
f,77,2041,1720.95304792118,2164.52355916542,1978.8769450236891,2153.099069800472,0.7950724493776042
f,78,2042,1622.7829129744284,2164.52355916542,1937.6303581909121,2149.9680483708057,0.7497182953278311
f,79,2043,1518.3507401351753,2164.52355916542,1897.2434917816977,2146.841580050344,0.7014711083674271
f,80,2044,1413.2687345517068,2164.52355916542,1857.6984262719484,2143.7196582179877,0.652923701646668
f,81,2045,1293.541125208821,2164.52355916542,1818.9776156419464,2140.602276262266,0.5976100928684622
f,82,2046,1168.2698339826748,2164.52355916542,1781.0638795912416,2137.489427581322,0.5397353283755096
f,83,2047,1039.0338156399541,2164.52355916542,1743.9403959158062,2134.3811055829005,0.48002887805969485
f,84,2048,907.860622661926,2164.52355916542,1707.590693044076,2131.277303684331,0.41942746190850966
f,85,2049,777.1988743746933,2164.52355916542,1671.998642728567,2128.1780153125164,0.35906233086895095
f,86,2050,649.8364733248953,2164.52355916542,1637.148452889823,2125.0832339039184,0.30022148318656056
f,87,2051,528.7544328769437,2164.52355916542,1603.024660609521,2121.9929529045426,0.24428213342284744
f,88,2052,416.9143150304285,2164.52355916542,1569.6121252696232,2118.9071657699265,0.19261250969759786
f,89,2053,316.9907143031909,2164.52355916542,1536.8960218345317,2115.8258659651224,0.14644826246447218
f,90,2054,231.07797716311927,2164.52355916542,1504.8618342732689,2112.749046964688,0.10675697022776527
f,91,2055,160.41886132522063,2164.52355916542,1473.4953491187607,2109.67670225267,0.07411278137673571
f,92,2056,105.21562014312633,2164.52355916542,1442.7826491613653,2106.6088253225885,0.04860913603716771
f,93,2057,64.58270395184694,2164.52355916542,1412.7101072738524,2103.545409677427,0.029836914307714086
f,94,2058,36.677988273182024,2164.52355916542,1383.2643803650906,2100.4864488296166,0.01694506309153966
f,95,2059,19.00578473446445,2164.52355916542,1354.4324034597591,2097.431936301023,0.008780585757076513
f,96,2060,8.83061197861745,2164.52355916542,1326.2013839014605,2094.3818656229314,0.004079702408978301
f,97,2061,3.597555991812346,2164.52355916542,1298.5587956766603,2091.336230336034,0.0016620544399153887
f,98,2062,1.247292578532291,2164.52355916542,1271.4923738569335,2088.2950239904167,0.000576243475498697
f,99,2063,0.3528210684030924,2164.52355916542,1244.9901091570557,2085.2582401455447,0.0001630017224386924
f,100,2064,0.07631039480770506,2164.52355916542,1219.0402426065207,2082.225872370248,3.525505392841657e-05
