file,organisation,url,accessed_at_utc,description,granularity,years,open_age,notes
data/raw/makstat/population_revised_1jan_2003_2021.json,MAKSTAT (DZS),https://makstat.stat.gov.mk/PXWeb/api/v1/mk/MakStat/Naselenie/ProcenkiNaselenie/ProcenkiPopis2021/Proceni2003_2020Revidirani/125_ProcNasMK01_ml.px,2026-09-22T15:26:32Z,"Revised resident population, 1 January, per Census 2021 revision","single year of age, sex",2003-2021,100+,"REVISED post-census-2021 series; backcast to 2003, not to 2002"
data/raw/makstat/population_revised_30jun_2003_2020.json,MAKSTAT (DZS),https://makstat.stat.gov.mk/PXWeb/api/v1/mk/MakStat/Naselenie/ProcenkiNaselenie/ProcenkiPopis2021/Proceni2003_2020Revidirani/150_ProcNasMK30_ml.px,2026-09-22T15:26:32Z,"Revised resident population, 30 June, per Census 2021 revision","single year of age, sex",2003-2020,100+,REVISED post-census-2021 series; mid-year vintage
data/raw/makstat/population_current_30jun_2021_2025.json,MAKSTAT (DZS),https://makstat.stat.gov.mk/PXWeb/api/v1/mk/MakStat/Naselenie/ProcenkiNaselenie/ProcenkiPopis2021/Proceni30Juni/30062021_MKD_Za_PX.px,2026-09-22T15:26:32Z,"Current resident population estimate, 30 June, post-Census-2021 base","single year of age, sex",2021-2025,100+,extends revised series forward; last year 2025
data/raw/makstat/population_current_31dec_2021_2025.json,MAKSTAT (DZS),https://makstat.stat.gov.mk/PXWeb/api/v1/mk/MakStat/Naselenie/ProcenkiNaselenie/ProcenkiPopis2021/Proceni31Dekemvri/31122021_MKD_Za_PX.px,2026-09-22T15:26:32Z,"Current resident population estimate, 31 December, post-Census-2021 base","single year of age, sex",2021-2025,100+,year-end vintage
data/raw/makstat/population_prerevision_30jun_1994_2020.json,MAKSTAT (DZS),https://makstat.stat.gov.mk/PXWeb/api/v1/mk/MakStat/Naselenie/ProcenkiNaselenie/ProcenkiPopis2002Arhiva/114_Popis_RM_1Star_Jun_mk.px,2026-09-22T15:26:32Z,"PRE-REVISION (vintage, archived) population estimate per Census 2002, 30 June","single year of age, sex",1994-2020,99+,"confirms pre-revision vintages EXIST on MAKSTAT itself, no need for archived yearbooks; also has 'unknown age' bucket"
data/raw/makstat/population_prerevision_31dec_1994_2020.json,MAKSTAT (DZS),https://makstat.stat.gov.mk/PXWeb/api/v1/mk/MakStat/Naselenie/ProcenkiNaselenie/ProcenkiPopis2002Arhiva/115_Popis_RM_1Star_Dek_mk.px,2026-09-22T15:26:32Z,"PRE-REVISION (vintage, archived) population estimate per Census 2002, 31 December","single year of age, sex",1994-2020,99+,year-end vintage of the pre-revision series
data/raw/makstat/population_projections_2022_2070.json,MAKSTAT (DZS),https://makstat.stat.gov.mk/PXWeb/api/v1/mk/MakStat/Naselenie/Proekcii/125_Popis_Procenki2070_ml.px,2026-09-22T15:26:32Z,"Official population projections, single year of age, sex","single year of age, sex",2022-2070,unknown (see file),benchmark for our own mortality/population projection
data/raw/makstat/deaths_by_age_region_2005_2025.json,MAKSTAT (DZS),https://makstat.stat.gov.mk/PXWeb/api/v1/mk/MakStat/Naselenie/Vitalna/525_VitStat_Reg_UmrVozr_ml.px,2026-09-22T15:26:32Z,Deaths by broad age group and region,"7 broad age groups, NO sex split, regional",2005-2025,65+,"insufficient for D[x,t]; kept only as a coverage cross-check; single-year national deaths by sex NOT found on MAKSTAT (see results/data_availability.json, makstat_deaths_single_age)"
data/raw/eurostat/demo_magec_MK.json,Eurostat,https://ec.europa.eu/eurostat/api/dissemination/statistics/1.0/data/demo_magec?format=JSON&geo=MK,2026-09-22T15:26:32Z,"Deaths by single year of age and sex, MK, annual","single year of age (Y_LT1..Y99,Y_OPEN,UNK), sex","1960-2023 (2022 missing, 2024 not yet populated)",Y_OPEN (~100+),"PRIMARY source for national single-age deaths by sex, since MAKSTAT PXWeb has no such table; sanity-checked: 2020-2021 deaths visibly elevated (COVID), 2022 is a genuine data gap"
data/raw/eurostat/demo_pjan_MK.json,Eurostat,https://ec.europa.eu/eurostat/api/dissemination/statistics/1.0/data/demo_pjan?format=JSON&geo=MK,2026-09-22T15:26:32Z,"Population on 1 January by single year of age and sex, MK, annual","single year of age, sex",1960-2025,Y_OPEN (~100+),"NOT the revised series: level breaks from ~2.08M (2021) to 1.837M (2022) at the census, i.e. Eurostat did not back-cast; use MAKSTAT revised series for pre-2022 analysis"
data/raw/eurostat/demo_mlifetable_MK.json,Eurostat,https://ec.europa.eu/eurostat/api/dissemination/statistics/1.0/data/demo_mlifetable?format=JSON&geo=MK,2026-09-22T15:26:32Z,"Life tables (death rate, life expectancy, probability of death/survival etc.), single year of age and sex, MK","single year of age, sex, 8 indicators","1994-2023 (partial years, e.g. 2022 gap)",highest age in table,"cross-check/validation source for our own life tables, since the MAKSTAT life-table folder is unreachable through the API (see results/data_availability.json, makstat_life_tables)"
data/raw/mapas/izvestaj-kfpo-2025.pdf,MAPAS,https://mapas.mk/wp-content/uploads/2026/06/izvestaj-za-kfpo-2025_web.pdf,2026-09-22T15:26:32Z,"Annual report on the state of capital-funded pension insurance, 2025","PDF report, national aggregates + charts","2025 (report), historical series inside",n/a,Chapter 5/6 has member-count structure by age band and sex (chart 5.3/6.4) and average member age by sex/category; NO average account balance by age group found (grepped whole text)
data/raw/eiopa/EIOPA_RFR_20260831.zip,EIOPA,https://www.eiopa.europa.eu/document/download/d491908e-9c02-427a-90ec-9dbd7b881ffe_en?filename=EIOPA_RFR_20260831.zip,2026-09-22T15:26:32Z,"Monthly risk-free interest rate term structures (incl. RFR_spot_no_VA, EUR)","term structure by currency, monthly",as of 2026-08-31 (latest published; Sept 2026 not out until 2026-10-05),n/a,4 xlsx files inside zip; keep only EUR column of RFR_spot_no_VA sheet in Term_Structures.xlsx
data/raw/aso/webreportinscomp_mk_2025q4_20260210_012632.xlsx,ASO,https://aso.mk/wp-content/uploads/2026/02/webreportinscomp_mk_2025q4_20260210_012632.xlsx,2026-09-22T15:26:32Z,"Report on insurance company operations, full year 2025 (all companies)",company-level xlsx,"2025 (annual, Q4 cumulative)",n/a,"source for capital, technical provisions, number of insurers"
data/raw/aso/25q4_agregirani_zivot.xlsx,ASO,https://aso.mk/wp-content/uploads/2026/02/25q4_agregirani_zivot.xlsx,2026-09-22T15:26:32Z,"Aggregated life-insurance segment data, full year 2025",life segment aggregate xlsx,2025,n/a,life-segment technical provisions and capital
data/raw/aso/25q4_agregirani_nezivot.xlsx,ASO,https://aso.mk/wp-content/uploads/2026/02/25q4_agregirani_nezivot.xlsx,2026-09-22T15:26:32Z,"Aggregated non-life insurance segment data, full year 2025",non-life segment aggregate xlsx,2025,n/a,downloaded for completeness; not primary to this paper
data/raw/nbrsm/Osnovni_makroek_indikatori_mak.xlsx,NBRSM,https://www.nbrm.mk/content/statistika/pokazateli/Osnovni_makroek_indikatori_mak.xlsx,2026-09-22T15:31:55Z,Basic macroeconomic indicators (incl. nominal GDP series),national annual/quarterly xlsx,latest available,n/a,government bond yield page (aukcii-na-drzavni-obvrznici.nspx) located but no direct downloadable yield-series file on this page; the auction archive export is used instead
data/raw/makstat/naselenie_tree.json,MAKSTAT (DZS),https://makstat.stat.gov.mk/PXWeb/api/v1/mk/MakStat/Naselenie (+ every subfolder listed inside),2026-09-22T16:20:00Z,"Full API tree enumeration of MakStat/Naselenie: every folder/table id, text and updated date, plus /?config limits and the list of folders that return HTTP 400 (MortalitetniTablici, DetPod1-5)",tree listing (not data),n/a,n/a,"2026-09-22: MortalitetniTablici and all 5 DetPod subfolders return a plain HTML 400 'Bad Request' (not the JSON max-cells error) regardless of trailing slash or /en/ locale -- a genuine broken-folder bug on MAKSTAT's side, distinct from the max-cells limit"
data/raw/makstat/deaths_candidates_metadata.json,MAKSTAT (DZS),"https://makstat.stat.gov.mk/PXWeb/api/v1/mk/MakStat/Naselenie/Vitalna/<table>.px for 125_Vit_mk_Umreni_ml.px, 225_VitStat_Op_UmrVoz_ml.px, 425_VitStat_Reg_UmrPol_ml.px, 525_VitStat_Reg_UmrVozr_ml.px, 670_VitStat_Umr_Etn_Voz_Pol_ml.px, 685_VitStat_Umr_Pol_ops_ml.px, 695_VItStat_Umr_Voz_Pol_Skolo_ml.px, 700_VitStat_Umr_zan_pol_voz_ml.px, 910_VitStat_StapUmren_vozrasni_ml.px",2026-09-22T16:20:00Z,"Metadata (variable names + value counts, no data) for every MAKSTAT deaths table under Naselenie/Vitalna whose title mentions умрени/смрт",n/a (metadata only),n/a,n/a,"Exhaustive check of every age- or sex-bearing deaths table in the Vitalna folder (61 tables total): NONE cross single-year age with sex, national or municipal. Finest age granularity found is 55-64/65-74/75-84/85+ broad bands (695, 700, 670, 125)"
data/raw/makstat/deaths_age_sex_school_national_2010_2025.json,MAKSTAT (DZS),https://makstat.stat.gov.mk/PXWeb/api/v1/mk/MakStat/Naselenie/Vitalna/695_VItStat_Umr_Voz_Pol_Skolo_ml.px,2026-09-22T16:20:00Z,"Deaths by age (broad bands incl. 85+), sex and school attainment, national, restricted to school='Total' per request to satisfy the PXWeb max-cells limit","age bands (18, incl. 1/2/3/4 single years for children), sex",2010-2025,85+,"Best available national deaths x age x sex table on MAKSTAT; NOT single-year age at adult/old ages. Kept as a domestic cross-check against Eurostat demo_magec, not a substitute for it"
data/raw/makstat/deaths_age_sex_occupation_national_2010_2025.json,MAKSTAT (DZS),https://makstat.stat.gov.mk/PXWeb/api/v1/mk/MakStat/Naselenie/Vitalna/700_VitStat_Umr_zan_pol_voz_ml.px,2026-09-22T16:20:00Z,"Deaths by occupation, sex and age (broad bands), national, restricted to occupation='Total' per request","10 age bands, sex (2, no 'total' sex code)",2010-2025,85+,Secondary cross-check table; age bands coarser than 695 (55-64/65-74/75-84/85+ only)
data/raw/makstat/deaths_age_sex_ethnicity_national_2010_2024.json,MAKSTAT (DZS),https://makstat.stat.gov.mk/PXWeb/api/v1/mk/MakStat/Naselenie/Vitalna/670_VitStat_Umr_Etn_Voz_Pol_ml.px,2026-09-22T16:20:00Z,"Deaths by ethnicity, age (broad bands) and sex, national, restricted to ethnicity='Total' per request",11 age bands incl. under-1/1-4/5-9/10-14 for children,2010-2024,85+,Tertiary cross-check table
data/raw/makstat/mortality_tables/MortalitetniTablici2011-2013.xls,MAKSTAT (DZS),https://makstat.stat.gov.mk/PXWeb/Resources/PX/Databases/MakStat/Naselenie/MortalitetniTablici/MortalitetniTablici2011-2013.xls,2026-09-22T16:12:00Z,"Official abridged period life table 2011-2013 (single year of age 0-99, sex: total/male/female)","single year of age 0-99, sex",2011-2013 (3-yr rolling period table),99+,"this and the next 8 files are .xls, confirmed real OLE Excel binaries (not HTML error pages)"
data/raw/makstat/mortality_tables/MortalitetniTablici2012-2014.xls,MAKSTAT (DZS),https://makstat.stat.gov.mk/PXWeb/Resources/PX/Databases/MakStat/Naselenie/MortalitetniTablici/MortalitetniTablici2012-2014.xls,2026-09-22T16:12:00Z,"Official abridged period life table 2012-2014 (single year of age 0-99, sex: total/male/female)","single year of age 0-99, sex",2012-2014,99+,Confirmed real OLE Excel binary
data/raw/makstat/mortality_tables/MortalitetniTablici2013-2015.xls,MAKSTAT (DZS),https://makstat.stat.gov.mk/PXWeb/Resources/PX/Databases/MakStat/Naselenie/MortalitetniTablici/MortalitetniTablici2013-2015.xls,2026-09-22T16:12:00Z,"Official abridged period life table 2013-2015 (single year of age 0-99, sex: total/male/female)","single year of age 0-99, sex",2013-2015,99+,Confirmed real OLE Excel binary
data/raw/makstat/mortality_tables/MortalitetniTablici2014-2016.xls,MAKSTAT (DZS),https://makstat.stat.gov.mk/PXWeb/Resources/PX/Databases/MakStat/Naselenie/MortalitetniTablici/MortalitetniTablici2014-2016.xls,2026-09-22T16:12:00Z,"Official abridged period life table 2014-2016 (single year of age 0-99, sex: total/male/female)","single year of age 0-99, sex",2014-2016,99+,Confirmed real OLE Excel binary
data/raw/makstat/mortality_tables/MortalitetniTablici2015-2017.xls,MAKSTAT (DZS),https://makstat.stat.gov.mk/PXWeb/Resources/PX/Databases/MakStat/Naselenie/MortalitetniTablici/MortalitetniTablici2015-2017.xls,2026-09-22T16:12:00Z,"Official abridged period life table 2015-2017 (single year of age 0-99, sex: total/male/female)","single year of age 0-99, sex",2015-2017,99+,Confirmed real OLE Excel binary
data/raw/makstat/mortality_tables/MortalitetniTablici2016-2018.xls,MAKSTAT (DZS),https://makstat.stat.gov.mk/PXWeb/Resources/PX/Databases/MakStat/Naselenie/MortalitetniTablici/MortalitetniTablici2016-2018.xls,2026-09-22T16:12:00Z,"Official abridged period life table 2016-2018 (single year of age 0-99, sex: total/male/female)","single year of age 0-99, sex",2016-2018,99+,Confirmed real OLE Excel binary
data/raw/makstat/mortality_tables/MortalitetniTablici2017-2019.xls,MAKSTAT (DZS),https://makstat.stat.gov.mk/PXWeb/Resources/PX/Databases/MakStat/Naselenie/MortalitetniTablici/MortalitetniTablici2017-2019.xls,2026-09-22T16:12:00Z,"Official abridged period life table 2017-2019 (single year of age 0-99, sex: total/male/female)","single year of age 0-99, sex",2017-2019,99+,Confirmed real OLE Excel binary
data/raw/makstat/mortality_tables/MortalitetniTablici2018-2020.xls,MAKSTAT (DZS),https://makstat.stat.gov.mk/PXWeb/Resources/PX/Databases/MakStat/Naselenie/MortalitetniTablici/MortalitetniTablici2018-2020.xls,2026-09-22T16:12:00Z,"Official abridged period life table 2018-2020 (single year of age 0-99, sex: total/male/female)","single year of age 0-99, sex",2018-2020,99+,Confirmed real OLE Excel binary
data/raw/makstat/mortality_tables/MortalitetniTablici2019-2021.xls,MAKSTAT (DZS),https://makstat.stat.gov.mk/PXWeb/Resources/PX/Databases/MakStat/Naselenie/MortalitetniTablici/MortalitetniTablici2019-2021.xls,2026-09-22T16:12:00Z,"Official abridged period life table 2019-2021 (single year of age 0-99, sex: total/male/female)","single year of age 0-99, sex",2019-2021,99+,Confirmed real OLE Excel binary
data/raw/makstat/mortality_tables/MortalitetniTablici2020-2022.xlsx,MAKSTAT (DZS),https://makstat.stat.gov.mk/PXWeb/Resources/PX/Databases/MakStat/Naselenie/MortalitetniTablici/MortalitetniTablici2020-2022.xlsx,2026-09-22T16:12:00Z,"Official abridged period life table 2020-2022 (single year of age 0-99, sex: total/male/female)","single year of age 0-99, sex",2020-2022,99+,"this and the next 3 vintages ship as .xlsx not .xls; parsed and checked columns Vozrast/mx/qx/px/lx/dx/Lx/Tx/ex, sheets VKUPNO/MAZI/ZENI"
data/raw/makstat/mortality_tables/MortalitetniTablici2021-2023.xlsx,MAKSTAT (DZS),https://makstat.stat.gov.mk/PXWeb/Resources/PX/Databases/MakStat/Naselenie/MortalitetniTablici/MortalitetniTablici2021-2023.xlsx,2026-09-22T16:12:00Z,"Official abridged period life table 2021-2023 (single year of age 0-99, sex: total/male/female)","single year of age 0-99, sex",2021-2023,99+,"Confirmed real xlsx, same structure"
data/raw/makstat/mortality_tables/MortalitetniTablici2022-2024.xlsx,MAKSTAT (DZS),https://makstat.stat.gov.mk/PXWeb/Resources/PX/Databases/MakStat/Naselenie/MortalitetniTablici/MortalitetniTablici2022-2024.xlsx,2026-09-22T16:12:00Z,"Official abridged period life table 2022-2024 (single year of age 0-99, sex: total/male/female)","single year of age 0-99, sex",2022-2024,99+,"Confirmed real xlsx, same structure; includes 2022 (the Eurostat gap year) within its 3-yr window"
data/raw/makstat/mortality_tables/MortalitetniTablici2023-2025.xlsx,MAKSTAT (DZS),https://makstat.stat.gov.mk/PXWeb/Resources/PX/Databases/MakStat/Naselenie/MortalitetniTablici/MortalitetniTablici2023-2025.xlsx,2026-09-22T16:12:00Z,"Official abridged period life table 2023-2025 (single year of age 0-99, sex: total/male/female), latest available vintage","single year of age 0-99, sex",2023-2025,99+,"Latest published MAKSTAT life table; e0 total ~77.10, male ~75.05, female ~79.20 per file (sanity check, not a paper number)"
data/raw/nbrsm/nbrm_drzavni_obvrznici_archive.xlsx,NBRSM / Ministry of Finance,https://app.nbrm.mk/FPWeb/DZWeb/Reports/ArchiveReportDO (linked from https://www.nbrm.mk/aukcii-na-drzavni-obvrznici.nspx),2026-09-22T16:20:00Z,"Full archive of MKD government bond (државни обврзници) auction results: auction number, settlement date, maturity date, offer/demand/allotment amounts, coupon rate, and min/max/weighted-average rate for competitive tenders","per-auction, all tenors issued (2-30 years observed)",2005-11-24 to 2026-09-15,n/a,"Longest recent tenor is 15y (e.g. DO2026/20-0941, settled 17.09.2026, matures 17.09.2041, coupon/yield 5.200%, sold at par -- full realization = offer = demand). Server serves it as .xls with content-type application/vnd.openxmlformats-officedocument.spreadsheetml.sheet (real xlsx despite extension); saved with .xlsx extension. Use for the MAPAS 2022 interest-rate bylaw's domestic-bond-yield cap (5y+ tenor)."
data/raw/system/makstat_gdp_annual_2000_2025.json,MAKSTAT (DZS),https://makstat.stat.gov.mk/PXWeb/api/v1/mk/MakStat/BDP/BDPTrimesecni/TrimesecniBDPsporedESS2010/175_NacSmA_Mk_04RasGod_01_ml.px,2026-09-22T18:50:00Z,"GDP by expenditure method annual (from quarterly accounts), current prices in million MKD + prior-year prices + share of GDP; used because Osnovni_makroek_indikatori_mak.xlsx has only real growth %, not the nominal MKD level","annual, national","2000-2025 (2024 revised/1, 2025 preliminary/2)",n/a,"nominal GDP 2025 = 1,043,880.57 million MKD (preliminary), cross-checks MAPAS report's own back-calculated GDP (188344.53/0.1804=1,044,043m) to within 0.02%"
data/raw/system/makstat_avg_wage_annual_2011_2025.json,MAKSTAT (DZS),https://makstat.stat.gov.mk/PXWeb/api/v1/mk/MakStat/PazarNaTrud/Plati/MesecnaBrutoNeto/225_PazTrud_Mk_GodPros_ml.px,2026-09-22T18:52:00Z,"Annual average net and gross wage per employee, total (all sectors), by year; used for cross-validation of the monthly series","annual, national, total sector",2011-2025,n/a,cross-check only; primary wage series is the monthly file below (longer history back to 2006)
data/raw/system/makstat_avg_gross_wage_monthly_2005_2026.json,MAKSTAT (DZS),https://makstat.stat.gov.mk/PXWeb/api/v1/mk/MakStat/PazarNaTrud/Plati/MesecnaBrutoNeto/125_PazTrud_Mk_bruto_ml.px,2026-09-22T18:55:00Z,"Average paid gross monthly wage per employee, total (sector code 100), monthly series; used to build the wage history for the second-pillar contribution accumulation model back to pillar start (2006)","monthly, national, total sector",2005M01-2026M07,n/a,annual averages of this series used as the accumulation-model wage base 2006-2025; agrees with the annual table to within MKD 10/month for overlap years
data/raw/system/nbrm_monetarna_politika.html,NBRSM,https://www.nbrm.mk/monetarna_politika.nspx,2026-09-22T19:05:00Z,"NBRSM's own monetary-policy page stating the denar's exchange-rate-targeting strategy (pegged first to the German mark from Sept 1995, to the euro since 2001); used to source the denar-euro peg claim for the mandatory economy section",web page (HTML),n/a (current policy statement),n/a,"quote: 'Народната банка од септември 1995 година спроведува монетарна стратегија на таргетирање на девизниот курс на денарот, прво кон германската марка, а од 2001 година кон еврото.'; average MKD/EUR rate 2025 = 61.59 per Osnovni_makroek_indikatori_mak.xlsx"
data/raw/eu/solvency2-delegated-regulation-2025-7206_en.pdf,European Commission,https://ec.europa.eu/finance/docs/level-2-measures/solvency2-delegated-regulation-2025-7206_en.pdf,2026-09-22T17:46:13Z,"Delegated Regulation amending Delegated Regulation (EU) 2015/35, C(2025) 7206 final/2, Brussels 29.10.2025",legal text,2025,n/a,CoC 4.75% Art. 39; tapering factor max(0.96^t; 50%) pt (8); applies from 30.01.2027
data/raw/mapas/pravilnik-za-pravilata-i-minimalnite-standardi-za-tabliczite-na-smrtnost.pdf,MAPAS,https://mapas.mk/wp-content/uploads/2022/10/pravilnik-za-pravilata-i-minimalnite-standardi-za-tabliczite-na-smrtnost.pdf,2026-09-22T17:46:13Z,"Правилник за правилата и минималните стандарди за таблиците на смртност (Сл. весник на РСМ бр. 177/2022, 8.8.2022; adopted by МАПАС Совет на експерти 27.7.2022)",legal text,2022,n/a,"Repeals 34/2014 version; requires latest official state mortality tables, adjustable for own experience/more conservative tables, longevity improvement up to +3 years e_x, sex- and age-specific only (Art. 3); binds pension companies' second-pillar annuity-factor calculation under payout-law Art. 22(3)/(7)"
data/raw/mapas/pravilnik-za-pravilata-i-minimalnite-standardi-za-opredeluvane-na-kamatni-stapki.pdf,MAPAS,https://mapas.mk/wp-content/uploads/2022/10/pravilnik-za-pravilata-i-minimalnite-standardi-za-opredeluvane-na-kamatni-stapki.pdf,2026-09-22T17:46:13Z,"Правилник за правилата и минималните стандарди за определување на каматни стапки (Сл. весник на РСМ бр. 177/2022, 8.8.2022; adopted by МАПАС Совет на експерти 27.7.2022)",legal text,2022,n/a,Caps the real rate at <=80% of a nominal rate itself capped by domestic 5y+ government bond yields and the fund's own 3-year average return; binds pension companies under payout-law Art. 22(3)/(7)
data/raw/mapas/zakon-za-isplata-na-penzii-konsolidiran-tekst-2021.pdf,MAPAS,https://mapas.mk/wp-content/uploads/2021/07/Закон-за-исплата-на-пензии-и-пензиски-надоместоци-консолидиран-текст-2021-maja.pdf,2026-09-22T17:46:13Z,"Закон за исплата на пензии и пензиски надоместоци од капитално финансирано пензиско осигурување -- unofficial consolidated text (МАПАС, мај 2021), consolidating Сл. весник 11/2012, 147/2015, 30/2016, 103/2021",legal text,2012-2021 (consolidated),n/a,"36 pages; primary source for research/legal/brief.md Section A (payout types, Art. 22 mortality-table/interest-rate mandate, commission cap, indexation, guarantee period)"
data/raw/system/makstat_gender_pay_gap_by_age_2010_2024.json,MAKSTAT (DZS),https://makstat.stat.gov.mk/PXWeb/api/v1/mk/MakStat/PazarNaTrud/StrukturaNaZarabotuvacki/725_PazTrud_mk_asz22_ml.px,2026-09-22T19:30:00Z,"Gender pay gap (women vs men gross earnings), by age group, %, from the Structure of Earnings Survey (periodic, not annual); used to give the accumulation model sex-specific wages","5 age bands (<25,25-34,35-44,45-54,55-64), national","2010, 2014, 2018, 2022, 2024",n/a,"used the 55-64 band, 2024 value (9.2%) as a single held-constant ratio to split the economy-wide average wage series into male/female sub-series (equal-employment-share assumption); see method_notes.md"
data/raw/system/mapas_soopstenie_2019_kriterium_zadolzitelni_chlenovi.html,MAPAS,https://mapas.mk/?p=4548,2026-09-22T20:30:00Z,МАПАС public notice 'Соопштение за промена на критериум за задолжителни членови на втор пензиски столб' -- the regulator's own statement of the Сл. весник 245/2018 amendments to the Закон за задолжително капитално финансирано пензиско осигурување: members born before 1.1.1967 without a signed membership contract lost second-pillar membership on 1.1.2019 (balances transferred to the ПИОСМ Fund); those with a signed contract lost it on 30.9.2019 unless they filed a written continuation declaration; members with benefited service or ЗПИО чл.11 т.9/15 status exited on 1.1.2019,legal/administrative notice,2018-2019,n/a,primary regulator source for the pre-1967 eligibility cut used in analysis/system/02_system_liability.py (RQ4 cohort eligibility); cross-checked against МАПАС 2025 report Sec.5.1
data/raw/mtsp/zakon-za-penziskoto-i-invalidskoto-osiguruvanje-konsolidiran-2024.pdf,MAPAS (hosting MTSP consolidated text),https://mapas.mk/wp-content/uploads/2024/03/zakon-za-penziskoto-i-invalidsko-osiguruvane.pdf,2026-09-25T18:30:00Z,"Закон за пензиското и инвалидското осигурување, редакциски пречистен текст (retirement age, Art. 18: 64m/62f, 15y service)","legal text, 81 pages",1993-2024 (consolidated),n/a,Primary source for research/legal/brief.md Section C (retirement ages); archived 2026-09-25
data/raw/aso/zakon-za-supervizija-na-osiguruvanje-precisten-173-2022.pdf,ASO,https://aso.mk/wp-content/uploads/2020/02/zso-neoficijalen-precisten-so-173-2022.pdf,2026-09-25T18:30:00Z,"Закон за супервизија на осигурување, неофицијален пречистен текст до 173/2022 (Art. 5: 25 insurance classes, incl. class 24 = annuities for 2nd-pillar pensioners, distinct from class 19 ordinary life)",legal text,in force to 2022 amendments,n/a,Primary source for the class-24 definition underpinning the finding that no insurer holds a licence for it; archived 2026-09-25
data/raw/aso/pravilnik-tehnicki-rezervi-sl-vesnik-318-2020.pdf,ASO,https://aso.mk/wp-content/uploads/2021/01/pravilnik-tehichki-rezervi-sl-vesnik-318-2020.pdf,2026-09-25T18:30:00Z,"Правилник за минималните стандарди за пресметка на техничките резерви, Сл. весник 318/2020 (adopted 22.12.2020). Image-only PDF (no text layer); OCR'd with tesseract -l mkd, sibling .txt in same folder. Point 5.3.3(2): probability of death must be 'соодветно коригирана... за очекуваните идни намалувања/зголемувања на смртноста' where falling mortality raises the reserve. Point 5.3.2(2)-(3): interest rate capped at the insurer's own 3y average return and at the contractual guaranteed rate.","legal text, 28 pages (scanned)",in force since 1.1.2021,n/a,"General ASO technical-reserves rulebook; has a qualitative mortality-improvement obligation and a quantitative rate cap, but no Art.22(2)/(6)-specific sex/age standard, threshold or 2nd-pillar/MAPAS reference -- see research/legal/brief.md B1 for the precise gap characterisation"
data/raw/eu/eiopa_article138_longevity_risk.html,EIOPA,https://www.eiopa.europa.eu/rulebook/solvency-ii-single-rulebook/article-5758_en,2026-09-25T18:30:00Z,"EIOPA Solvency II Single Rulebook, Article 138 (Longevity risk sub-module) of Delegated Regulation (EU) 2015/35 -- full verbatim text, 3 paragraphs, confirms the 20% permanent mortality-rate-decrease capital requirement",legal text (consolidated rulebook page),in force (pre-2027 version),n/a,"eur-lex.europa.eu blocked automated fetch (AWS WAF bot challenge, HTTP 202/challenge); EIOPA's own rulebook mirror used instead and confirmed to contain the exact '20 %' wording"
data/raw/aso/registar_osiguruvanje_zhivot_20260925.html,ASO,https://aso.mk/registar/osiguruvane-na-zhivot/,2026-09-25T18:30:00Z,"Live register of licensed life insurers and their insurance classes -- dated snapshot. 6 companies (Croatia, Grawe, Winer Life, Sigal Life, Triglav Zivot, Prva Zivot), classes 1/2/19/(20)/21 only; NONE hold class 24 (annuities for 2nd-pillar pensioners)",HTML register page (raw),as of 2026-09-25 (also checked unchanged from 2026-09-22 fetch),n/a,Primary source for the paper's headline institutional finding (no insurer holds an annuity licence). Re-fetched 2026-09-25 and compared with the 2026-09-22 snapshot; unchanged
data/raw/compare/demo_magec_BG.json,Eurostat,https://ec.europa.eu/eurostat/api/dissemination/statistics/1.0/data/demo_magec?format=JSON&geo=BG&lang=EN,2026-09-25T18:41:55Z,"Deaths by single year of age and sex, annual, Bulgaria (BG)","single year of age (Y_LT1..Y99,Y_OPEN,TOTAL,UNK), sex (M/F/T)",1960-2024,Y_OPEN (~100+),"Comparator country for the truncation backtest and regional context in analysis/compare/; same dataset, API and definitions as data/raw/eurostat/*_MK.json. Exposure for this study is the average of 1 January populations for t and t+1 (documented deviation from the MAKSTAT mid-year basis used for MK)."
data/raw/compare/demo_pjan_BG.json,Eurostat,https://ec.europa.eu/eurostat/api/dissemination/statistics/1.0/data/demo_pjan?format=JSON&geo=BG&lang=EN,2026-09-25T18:41:55Z,"Population on 1 January by single year of age and sex, annual, Bulgaria (BG)","single year of age (Y_LT1..Y99,Y_OPEN,TOTAL,UNK), sex (M/F/T)",1960-2025,Y_OPEN (~100+),"Comparator country for the truncation backtest and regional context in analysis/compare/; same dataset, API and definitions as data/raw/eurostat/*_MK.json. Exposure for this study is the average of 1 January populations for t and t+1 (documented deviation from the MAKSTAT mid-year basis used for MK)."
data/raw/compare/demo_magec_EE.json,Eurostat,https://ec.europa.eu/eurostat/api/dissemination/statistics/1.0/data/demo_magec?format=JSON&geo=EE&lang=EN,2026-09-25T18:41:55Z,"Deaths by single year of age and sex, annual, Estonia (EE)","single year of age (Y_LT1..Y99,Y_OPEN,TOTAL,UNK), sex (M/F/T)",1960-2024,Y_OPEN (~100+),"Comparator country for the truncation backtest and regional context in analysis/compare/; same dataset, API and definitions as data/raw/eurostat/*_MK.json. Exposure for this study is the average of 1 January populations for t and t+1 (documented deviation from the MAKSTAT mid-year basis used for MK)."
data/raw/compare/demo_pjan_EE.json,Eurostat,https://ec.europa.eu/eurostat/api/dissemination/statistics/1.0/data/demo_pjan?format=JSON&geo=EE&lang=EN,2026-09-25T18:41:55Z,"Population on 1 January by single year of age and sex, annual, Estonia (EE)","single year of age (Y_LT1..Y99,Y_OPEN,TOTAL,UNK), sex (M/F/T)",1960-2025,Y_OPEN (~100+),"Comparator country for the truncation backtest and regional context in analysis/compare/; same dataset, API and definitions as data/raw/eurostat/*_MK.json. Exposure for this study is the average of 1 January populations for t and t+1 (documented deviation from the MAKSTAT mid-year basis used for MK)."
data/raw/compare/demo_magec_LT.json,Eurostat,https://ec.europa.eu/eurostat/api/dissemination/statistics/1.0/data/demo_magec?format=JSON&geo=LT&lang=EN,2026-09-25T18:41:55Z,"Deaths by single year of age and sex, annual, Lithuania (LT)","single year of age (Y_LT1..Y99,Y_OPEN,TOTAL,UNK), sex (M/F/T)",1960-2024,Y_OPEN (~100+),"Comparator country for the truncation backtest and regional context in analysis/compare/; same dataset, API and definitions as data/raw/eurostat/*_MK.json. Exposure for this study is the average of 1 January populations for t and t+1 (documented deviation from the MAKSTAT mid-year basis used for MK)."
data/raw/compare/demo_pjan_LT.json,Eurostat,https://ec.europa.eu/eurostat/api/dissemination/statistics/1.0/data/demo_pjan?format=JSON&geo=LT&lang=EN,2026-09-25T18:41:55Z,"Population on 1 January by single year of age and sex, annual, Lithuania (LT)","single year of age (Y_LT1..Y99,Y_OPEN,TOTAL,UNK), sex (M/F/T)",1960-2025,Y_OPEN (~100+),"Comparator country for the truncation backtest and regional context in analysis/compare/; same dataset, API and definitions as data/raw/eurostat/*_MK.json. Exposure for this study is the average of 1 January populations for t and t+1 (documented deviation from the MAKSTAT mid-year basis used for MK)."
data/raw/compare/demo_magec_SK.json,Eurostat,https://ec.europa.eu/eurostat/api/dissemination/statistics/1.0/data/demo_magec?format=JSON&geo=SK&lang=EN,2026-09-25T18:41:55Z,"Deaths by single year of age and sex, annual, Slovakia (SK)","single year of age (Y_LT1..Y99,Y_OPEN,TOTAL,UNK), sex (M/F/T)",1960-2024,Y_OPEN (~100+),"Comparator country for the truncation backtest and regional context in analysis/compare/; same dataset, API and definitions as data/raw/eurostat/*_MK.json. Exposure for this study is the average of 1 January populations for t and t+1 (documented deviation from the MAKSTAT mid-year basis used for MK)."
data/raw/compare/demo_pjan_SK.json,Eurostat,https://ec.europa.eu/eurostat/api/dissemination/statistics/1.0/data/demo_pjan?format=JSON&geo=SK&lang=EN,2026-09-25T18:41:55Z,"Population on 1 January by single year of age and sex, annual, Slovakia (SK)","single year of age (Y_LT1..Y99,Y_OPEN,TOTAL,UNK), sex (M/F/T)",1960-2025,Y_OPEN (~100+),"Comparator country for the truncation backtest and regional context in analysis/compare/; same dataset, API and definitions as data/raw/eurostat/*_MK.json. Exposure for this study is the average of 1 January populations for t and t+1 (documented deviation from the MAKSTAT mid-year basis used for MK)."
data/raw/compare/demo_magec_SI.json,Eurostat,https://ec.europa.eu/eurostat/api/dissemination/statistics/1.0/data/demo_magec?format=JSON&geo=SI&lang=EN,2026-09-25T18:41:55Z,"Deaths by single year of age and sex, annual, Slovenia (SI)","single year of age (Y_LT1..Y99,Y_OPEN,TOTAL,UNK), sex (M/F/T)",1960-2024,Y_OPEN (~100+),"Comparator country for the truncation backtest and regional context in analysis/compare/; same dataset, API and definitions as data/raw/eurostat/*_MK.json. Exposure for this study is the average of 1 January populations for t and t+1 (documented deviation from the MAKSTAT mid-year basis used for MK)."
data/raw/compare/demo_pjan_SI.json,Eurostat,https://ec.europa.eu/eurostat/api/dissemination/statistics/1.0/data/demo_pjan?format=JSON&geo=SI&lang=EN,2026-09-25T18:41:55Z,"Population on 1 January by single year of age and sex, annual, Slovenia (SI)","single year of age (Y_LT1..Y99,Y_OPEN,TOTAL,UNK), sex (M/F/T)",1960-2025,Y_OPEN (~100+),"Comparator country for the truncation backtest and regional context in analysis/compare/; same dataset, API and definitions as data/raw/eurostat/*_MK.json. Exposure for this study is the average of 1 January populations for t and t+1 (documented deviation from the MAKSTAT mid-year basis used for MK)."
data/raw/compare/demo_magec_HR.json,Eurostat,https://ec.europa.eu/eurostat/api/dissemination/statistics/1.0/data/demo_magec?format=JSON&geo=HR&lang=EN,2026-09-25T18:41:55Z,"Deaths by single year of age and sex, annual, Croatia (HR)","single year of age (Y_LT1..Y99,Y_OPEN,TOTAL,UNK), sex (M/F/T)",1960-2024,Y_OPEN (~100+),"Comparator country for the truncation backtest and regional context in analysis/compare/; same dataset, API and definitions as data/raw/eurostat/*_MK.json. Exposure for this study is the average of 1 January populations for t and t+1 (documented deviation from the MAKSTAT mid-year basis used for MK)."
data/raw/compare/demo_pjan_HR.json,Eurostat,https://ec.europa.eu/eurostat/api/dissemination/statistics/1.0/data/demo_pjan?format=JSON&geo=HR&lang=EN,2026-09-25T18:41:55Z,"Population on 1 January by single year of age and sex, annual, Croatia (HR)","single year of age (Y_LT1..Y99,Y_OPEN,TOTAL,UNK), sex (M/F/T)",1960-2025,Y_OPEN (~100+),"Comparator country for the truncation backtest and regional context in analysis/compare/; same dataset, API and definitions as data/raw/eurostat/*_MK.json. Exposure for this study is the average of 1 January populations for t and t+1 (documented deviation from the MAKSTAT mid-year basis used for MK)."
data/raw/compare_legal/croatia/zmod_hanfa_consolidated.pdf,HANFA / Narodne novine,https://www.hanfa.hr/media/xlyfowfa/zakon-o-mirovinskim-osiguravaju%C4%87im-dru%C5%A1tvima.pdf,2026-09-25T19:41:53Z,"Zakon o mirovinskim osiguravajucim drustvima (Croatian Pension Insurance Companies Act), unofficial consolidated text NN 22/14, 29/18, 115/18, 156/23, 52/25, as published by the supervisor","law, 173 pp",in force 2026,n/a,"Core comparator law: cl. 16(2)(9) calculation bases in licence application, cl. 77(3)(1) 3.5% acquisition-cost cap, cl. 88 surplus distribution, cl. 103-116 pension types/forms/indexation, cl. 105+107 unisex, cl. 106 30-day non-objection on unit amounts. Derived text: zmod.txt (pdftotext -layout)"
data/raw/compare_legal/croatia/nn_22_2014_zmod.html,Narodne novine,https://narodne-novine.nn.hr/clanci/sluzbeni/2014_02_22_399.html,2026-09-25T19:41:53Z,"Original gazette text of the Zakon o mirovinskim osiguravajucim drustvima, NN 22/2014",law (HTML),2014,n/a,Gazette provenance for the 2014 regime; consolidated text used for quotations
data/raw/compare_legal/croatia/nn_156_2023_zmod_izmjene.html,Narodne novine,https://narodne-novine.nn.hr/clanci/sluzbeni/2023_12_156_2394.html,2026-09-25T19:41:53Z,"Zakon o izmjenama i dopunama Zakona o mirovinskim osiguravajucim drustvima, NN 156/2023",amending law (HTML),2023,n/a,"2024 reform package (first-pillar supplement raised to 27%, lump sum to 20%, fund fee schedule)"
data/raw/compare_legal/croatia/nn_20_2024_pravilnik_min_standardi_tehnicke_pricuve.html,HANFA / Narodne novine,https://narodne-novine.nn.hr/clanci/sluzbeni/2024_02_20_325.html,2026-09-25T19:41:53Z,"Pravilnik o minimalnim standardima koji se primjenjuju u postupku obracuna tehnickih pricuva mirovinskog osiguravajuceg drustva, NN 20/2024",supervisory bylaw (HTML),2024,n/a,"Direct analogue of the missing ASO bylaw: principles-based and IFRS 17-oriented, prescribes NO mortality table (search for smrtnos/mortalit returns no hits); Annex I requires assumptions to be realistic, justified, documented, and contemplates projection of future trends. Derived text: pravilnik_20_2024.txt"
data/raw/compare_legal/croatia/hanfa_registar_mod.html,HANFA,https://www.hanfa.hr/registri/mirovinski-fondovi-i-isplata-mirovina/mirovinska-osiguravajuca-drustva/,2026-09-25T19:41:53Z,HANFA register of pension insurance companies,register (HTML),accessed 2026-09-25,n/a,Two licensed companies: Hrvatsko MOD d.d. and Raiffeisen MOD d.d.
data/raw/compare_legal/croatia/hanfa_isplata_mirovine.html,HANFA,https://www.hanfa.hr/potrosaci/vijesti-za-potrosace/isplata-mirovine/,2026-09-25T19:41:53Z,HANFA consumer information page 'Isplata mirovine' (payout of pensions),supervisor website (HTML),accessed 2026-09-25,n/a,KEY: supervisor states companies use population mortality tables corrected for the expected sex mix and for the expected lengthening of life during the payout period; interest rate set on expected long-run return. Lump-sum figure on the page (15%) is pre-2024 and replaced by ZMOD cl. 112(8) (20%)
data/raw/compare_legal/croatia/hanfa_godisnje_izvjesce_2024.pdf,HANFA,https://www.hanfa.hr/media/ieqnyuvd/godi%C5%A1nje-izvje%C5%A1%C4%87e-2024.pdf,2026-09-25T19:41:53Z,HANFA annual report 2024,supervisor annual report (PDF),2024,n/a,"s. 2.3.4: two companies, assets EUR 557.5m (+30.2%), beneficiaries 21.5k (+21.5%) of which mandatory 17.4k (+30.9%), transfers in EUR 149.6m (+77.3%), 86.9% into individual lifetime old-age pension. Derived text: gi2024.txt"
data/raw/compare_legal/croatia/mrosp_analiza_mirovinski_sustav_2024.pdf,"Ministarstvo rada, mirovinskoga sustava, obitelji i socijalne politike (HR)",https://mrosp.gov.hr/UserDocsImages/dokumenti/Mirovinski%20sustav/Analiza%20i%20zaklju%C4%8Dci%20Radne%20skupine%20za%20analizu%20stanja%20mirovinskog%20sustava_2024.pdf,2026-09-25T19:41:53Z,"Analiza i zakljucci Radne skupine za analizu stanja mirovinskog sustava, 2024 (government working group on the state of the pension system)",government report (PDF),2024,n/a,"KEY: explicitly flags the absence of official annuity (rentne) mortality tables in Croatia and proposes DZS-HAD-PMF-HANFA cooperation; REGOS choice data to 31.10.2024 (11,875 statements, 65% first pillar only, 4,188 = 35% both pillars); ~50% choose the individual lifetime pension with guaranteed payout of capital; documents that MOD price-list changes driven by the indexation obligation reduced pension amounts. Derived text: analiza.txt"
data/raw/compare_legal/croatia/regos_statisticki_pokazatelji_2024.html,REGOS (HR),https://regos.hr/en/statistical-indicators/statistical-indicators-for-2024/,2026-09-25T19:41:53Z,REGOS statistical indicators for 2024 (landing page),statistics page (HTML),2024,n/a,Downloaded as a candidate source for the pension-choice split; the split was taken from the Ministry working-group report instead. Retained for provenance; not relied on
data/raw/compare_legal/slovakia/zakon_43_2004_slovlex_20260101.html,Slov-lex (Ministry of Justice of the Slovak Republic),https://www.slov-lex.sk/static/SK/ZZ/2004/43/20260101.html,2026-09-25T19:41:53Z,"Zakon c. 43/2004 Z. z. o starobnom dochodkovom sporeni, consolidated version in force from 1 January 2026",law (HTML),in force 2026-01-01,n/a,KEY comparator: par. 46(3) and 46a(3) require the mortality probability used in pricing to take account of future demographic development and make age the only individual risk factor; par. 32(2) 84-month guarantee; par. 42 and 123ao(3) statutory 2% indexation; par. 42a(1) at least 90% of surplus to the insured; par. 46e offer system; par. 46f(13) no pre-contract longevity questions; par. 46f(16) financial intermediation prohibited. Derived text: zakon_43_2004_cur.txt
data/raw/compare_legal/slovakia/zakon_43_2004_slovlex_20260101.pdf,Slov-lex (Ministry of Justice of the Slovak Republic),https://www.slov-lex.sk/static/pdf/2004/43/ZZ_2004_43_20260101.pdf,2026-09-25T19:41:53Z,"Zakon c. 43/2004 Z. z., same consolidated version, official PDF",law (PDF),in force 2026-01-01,n/a,"PDF counterpart of the HTML consolidated text, kept as the citable artefact"
data/raw/compare_legal/slovakia/socpoist_dozivotny_dochodok_2025.html,Socialna poistovna (SK),https://www.socpoist.sk/news/priemerna-vyska-dozivotneho-dochodku-z-ii-piliera-za-rok-2025-predstavovala-sumu-2620-eur,2026-09-25T19:41:53Z,Socialna poistovna release of 22.1.2026: average second-pillar lifetime annuity and payout statistics for 2025,administering-agency statistics (HTML),2025,n/a,"KEY take-up data: 2,588 new annuity contracts, 7,800 full programmed withdrawals, 1,028 small-amount cases with no insurer offer (drawdown capped at EUR 14.90/month), 9,852 annuities in payment, average EUR 26.20/month, 14,559 applications"
data/raw/compare_legal/slovakia/socpoist_dozivotny_dochodok_2024.html,Socialna poistovna (SK),https://www.socpoist.sk/news/priemerna-vyska-dozivotneho-dochodku-z-ii-piliera-za-rok-2024-predstavovala-sumu-2455-eura,2026-09-25T19:41:53Z,Socialna poistovna release: average second-pillar lifetime annuity for 2024,administering-agency statistics (HTML),2024,n/a,"Comparative year: 7,333 annuities in payment, average EUR 24.55/month, 20,692 applications"
data/raw/compare_legal/slovakia/mpsvr_dozivotne_dochodky.html,"Ministerstvo prace, socialnych veci a rodiny SR",https://www.employment.gov.sk/sk/socialne-poistenie-dochodkovy-system/ostatne/dozivotne-dochodky/,2026-09-25T19:41:53Z,MPSVR SR description of the second-pillar lifetime annuity variants A-D,ministry website (HTML),accessed 2026-09-25,n/a,Confirms: all variants A-D contain a 7-year payout guarantee; the insurer may not take into account any individual factor other than age and the amount saved (expressly not health)
data/raw/compare_legal/slovakia/socpoist_dochodok_ii_pilier.html,Socialna poistovna (SK),https://www.socpoist.sk/node/6007,2026-09-25T19:41:53Z,Socialna poistovna page on the second-pillar pension and the offer system,administering-agency website (HTML),accessed 2026-09-25,n/a,Checked for a published list of participating insurers; none found (sk_market_providers_n = NOT FOUND)
data/raw/compare_legal/latvia/valsts_fondeto_pensiju_likums.html,"Likumi.lv (Latvijas Vestnesis, official publisher)",https://likumi.lv/ta/id/2341-valsts-fondeto-pensiju-likums,2026-09-25T19:41:53Z,"Valsts fondeto pensiju likums (State Funded Pension Law), consolidated text",law (HTML),in force 2026,n/a,7. pants (1): choice between adding funded capital to the unfunded capital and buying a life insurance (lifetime pension) policy; (1-1) purchase procedure set by Cabinet; monthly-amount-for-life requirement effective 1.1.2023 (transitional 30); 9. pants (2) 2) quarterly insurer reporting to the Ministry of Welfare. Search for 'mirstib' (mortality): no hits. Derived text: vfpl.txt
data/raw/compare_legal/latvia/mk272_fondeto_pensiju_shemas_darbiba.html,Likumi.lv (Cabinet of Ministers of Latvia),https://likumi.lv/ta/id/75568-noteikumi-par-valsts-fondeto-pensiju-shemas-darbibu,2026-09-25T19:41:53Z,"Ministru kabineta noteikumi Nr. 272 (27.5.2003) 'Noteikumi par valsts fondeto pensiju shemas darbibu', consolidated",Cabinet regulation (HTML),in force 2026,n/a,"par. 66-72 govern the annuity purchase: par. 67.4 insurers set their own minimum capital threshold, par. 67-1 mandatory public calculators binding on the issued policy, par. 67-2 five-month deadline, par. 68 below-minimum capital returns to the state pension budget, par. 70 VSAA-insurer agreements. No mortality prescription. Derived text: mk272_fondeto_pensiju_shemas_darbiba.txt"
data/raw/compare_legal/latvia/muza_pensijas_tipveida_noteikumi_repealed.html,Likumi.lv (Cabinet of Ministers of Latvia),https://likumi.lv/ta/id/72668-muza-pensijas-apdrosinasanas-tipveida-noteikumi,2026-09-25T19:41:53Z,"Ministru kabineta noteikumi Nr. 106 (11.3.2003) 'Muza pensijas apdrosinasanas tipveida noteikumi' (standard terms of lifetime pension insurance), REPEALED 29.4.2012","Cabinet regulation, repealed (HTML)",in force 19.3.2003 to 29.4.2012,n/a,"Evidence that the Latvian annuity option dates from 2003, not 2020, and that even the standard-terms instrument prescribed no mortality basis: it set contract structure only (no surrender value, up to three payment phases, first phase at least five years, at most half the premium paid out in it, optional co-insured spouse). Derived text alongside"
data/raw/compare_legal/latvia/vsaa_transfer_2nd_pillar_annuity_en.html,"VSAA (State Social Insurance Agency, LV)",https://www.vsaa.gov.lv/en/services/transfer-2nd-pillar-pension-capital-purchase-life-pension-insurance-policy,2026-09-25T19:41:53Z,VSAA service description: transfer of second-pillar pension capital to purchase a life pension insurance policy,administering-agency website (HTML),accessed 2026-09-25,n/a,Confirms VSAA transfers the accumulated capital to the chosen licensed insurer once the annuity contract is indisputable; no statistics on the page
data/raw/compare_legal/romania/senat_25L214FP_forma_promulgata.pdf,Senatul Romaniei (legislative record L214/2025),https://www.senat.ro/legis/PDF/2025/25L214FP.PDF?nocache=true,2026-09-25T19:41:53Z,"Lege privind plata pensiilor private, 'forma promulgata' (promulgated form) - published as Legea nr. 2/2026 per secondary sources",law (scanned PDF with OCR layer),"promulgated 2025/2026, in force one year after publication",n/a,"KEY: Art. 4(1)-(3) providers (pension fund administrators, life insurers, investment managers, dedicated payout companies, all ASF-authorised); Art. 3(1)(9) annuity definition; Art. 3(1)(41) 'tabel biometric' = statistical instrument published by the National Institute of Statistics, appears ONLY in the definitions; Art. 28(1) actuarial function, details delegated to ASF; Art. 37(1) monthly administration commission max 0.05% of assets; Art. 55(1) advance max 30%; Art. 113 entry into force one year after gazette publication. OCR corrupts some diacritics. Gazette citation (MO I no. 2 of 5.1.2026) is SECONDARY: the legislatie.just.ro text was not consulted directly. Derived text: senat_25L214FP_forma_promulgata.txt"
data/raw/compare_legal/romania/senat_25L214FG_forma_initiatorului.pdf,Senatul Romaniei (legislative record L214/2025),https://www.senat.ro/legis/PDF/2025/25L214FG.PDF?nocache=true,2026-09-25T19:41:53Z,"Lege privind plata pensiilor private, 'forma initiatorului' (initiator's text, government bill, August 2025)",draft law (scanned PDF with OCR layer),2025,n/a,"Comparison text for the promulgated version; definition numbering differs (tabel biometric is point 42 here, 41 in the promulgated form). Derived text alongside"
